"ID","Species","Interactions","Connectance","Type of interactions","Type of data","Reference","Locality of Studi","Latitude","Longitude"
"A_HP_001","28","61","0.339","Host-Parasite","1","Hadfield JD, Krasnov BR, Poulin R, Shinichi N (2013) A tale of two phylogenies: comparative analyses of ecological interactions. The American Naturalist 183(2): 174-187","Adzharia","42","42.65"
"A_HP_002","42","96","0.222","Host-Parasite","1","Hadfield JD, Krasnov BR, Poulin R, Shinichi N (2013) A tale of two phylogenies: comparative analyses of ecological interactions. The American Naturalist 183(2): 174-187","Akmolinsk","51.166667","71.416667"
"A_HP_003","32","108","0.522","Host-Parasite","1","Hadfield JD, Krasnov BR, Poulin R, Shinichi N (2013) A tale of two phylogenies: comparative analyses of ecological interactions. The American Naturalist 183(2): 174-187","Altai","49","89"
"A_HP_004","27","52","0.413","Host-Parasite","1","Hadfield JD, Krasnov BR, Poulin R, Shinichi N (2013) A tale of two phylogenies: comparative analyses of ecological interactions. The American Naturalist 183(2): 174-187","Amur","50.283333","127.533333"
"A_HP_005","20","51","0.56","Host-Parasite","1","Hadfield JD, Krasnov BR, Poulin R, Shinichi N (2013) A tale of two phylogenies: comparative analyses of ecological interactions. The American Naturalist 183(2): 174-187","Amur-Bureya","49.81212","129.81278"
"A_HP_006","53","123","0.208","Host-Parasite","1","Hadfield JD, Krasnov BR, Poulin R, Shinichi N (2013) A tale of two phylogenies: comparative analyses of ecological interactions. The American Naturalist 183(2): 174-187","Armenia","40.183529","44.516602"
"A_HP_007","25","43","0.316","Host-Parasite","1","Hadfield JD, Krasnov BR, Poulin R, Shinichi N (2013) A tale of two phylogenies: comparative analyses of ecological interactions. The American Naturalist 183(2): 174-187","Central Yakutia","66.4","129.166667"
"A_HP_008","32","37","0.193","Host-Parasite","1","Hadfield JD, Krasnov BR, Poulin R, Shinichi N (2013) A tale of two phylogenies: comparative analyses of ecological interactions. The American Naturalist 183(2): 174-187","Chimkent","42.316667","69.595833"
"A_HP_009","36","97","0.315","Host-Parasite","1","Hadfield JD, Krasnov BR, Poulin R, Shinichi N (2013) A tale of two phylogenies: comparative analyses of ecological interactions. The American Naturalist 183(2): 174-187","Dzhungarsky Alatau","45","80"
"A_HP_010","49","88","0.158","Host-Parasite","1","Hadfield JD, Krasnov BR, Poulin R, Shinichi N (2013) A tale of two phylogenies: comparative analyses of ecological interactions. The American Naturalist 183(2): 174-187","East Balkhash","46.166667","74.333333"
"A_HP_011","23","43","0.566","Host-Parasite","1","Hadfield JD, Krasnov BR, Poulin R, Shinichi N (2013) A tale of two phylogenies: comparative analyses of ecological interactions. The American Naturalist 183(2): 174-187","East Pamir","39","72"
"A_HP_012","30","63","0.391","Host-Parasite","1","Hadfield JD, Krasnov BR, Poulin R, Shinichi N (2013) A tale of two phylogenies: comparative analyses of ecological interactions. The American Naturalist 183(2): 174-187","Gissar","38.7775","68.423056"
"A_HP_013","33","103","0.426","Host-Parasite","1","Hadfield JD, Krasnov BR, Poulin R, Shinichi N (2013) A tale of two phylogenies: comparative analyses of ecological interactions. The American Naturalist 183(2): 174-187","Guriev","47.256864","52.064209"
"A_HP_014","30","68","0.325","Host-Parasite","1","Hadfield JD, Krasnov BR, Poulin R, Shinichi N (2013) A tale of two phylogenies: comparative analyses of ecological interactions. The American Naturalist 183(2): 174-187","Kabarda","43.583333","43.4"
"A_HP_015","10","12","0.571","Host-Parasite","1","Hadfield JD, Krasnov BR, Poulin R, Shinichi N (2013) A tale of two phylogenies: comparative analyses of ecological interactions. The American Naturalist 183(2): 174-187","Kamchatka","57","160"
"A_HP_016","27","52","0.413","Host-Parasite","1","Hadfield JD, Krasnov BR, Poulin R, Shinichi N (2013) A tale of two phylogenies: comparative analyses of ecological interactions. The American Naturalist 183(2): 174-187","Khabarovsk","48.483333","135.066667"
"A_HP_017","14","19","0.422","Host-Parasite","1","Hadfield JD, Krasnov BR, Poulin R, Shinichi N (2013) A tale of two phylogenies: comparative analyses of ecological interactions. The American Naturalist 183(2): 174-187","Khasan","42.435906","130.611006"
"A_HP_018","36","127","0.403","Host-Parasite","1","Hadfield JD, Krasnov BR, Poulin R, Shinichi N (2013) A tale of two phylogenies: comparative analyses of ecological interactions. The American Naturalist 183(2): 174-187","Kostroma","57.766667","40.933333"
"A_HP_019","27","36","0.222","Host-Parasite","1","Hadfield JD, Krasnov BR, Poulin R, Shinichi N (2013) A tale of two phylogenies: comparative analyses of ecological interactions. The American Naturalist 183(2): 174-187","Krasnojarsk","56.016667","93.066667"
"A_HP_020","33","105","0.386","Host-Parasite","1","Hadfield JD, Krasnov BR, Poulin R, Shinichi N (2013) A tale of two phylogenies: comparative analyses of ecological interactions. The American Naturalist 183(2): 174-187","Kurgan","55.566667","64.75"
"A_HP_021","24","57","0.422","Host-Parasite","1","Hadfield JD, Krasnov BR, Poulin R, Shinichi N (2013) A tale of two phylogenies: comparative analyses of ecological interactions. The American Naturalist 183(2): 174-187","Kursk","51.716667","36.183333"
"A_HP_022","34","68","0.236","Host-Parasite","1","Hadfield JD, Krasnov BR, Poulin R, Shinichi N (2013) A tale of two phylogenies: comparative analyses of ecological interactions. The American Naturalist 183(2): 174-187","Kustanai","53.2","63.633333"
"A_HP_023","17","41","0.569","Host-Parasite","1","Hadfield JD, Krasnov BR, Poulin R, Shinichi N (2013) A tale of two phylogenies: comparative analyses of ecological interactions. The American Naturalist 183(2): 174-187","Middle Urals","58.066256","59.002075"
"A_HP_024","27","39","0.279","Host-Parasite","1","Hadfield JD, Krasnov BR, Poulin R, Shinichi N (2013) A tale of two phylogenies: comparative analyses of ecological interactions. The American Naturalist 183(2): 174-187","Mongolia-Central Khangay","47.5","100"
"A_HP_025","58","107","0.149","Host-Parasite","1","Hadfield JD, Krasnov BR, Poulin R, Shinichi N (2013) A tale of two phylogenies: comparative analyses of ecological interactions. The American Naturalist 183(2): 174-187","Mongolia-NorthWestern Khangay","47.569114","99.162598"
"A_HP_026","33","142","0.526","Host-Parasite","1","Hadfield JD, Krasnov BR, Poulin R, Shinichi N (2013) A tale of two phylogenies: comparative analyses of ecological interactions. The American Naturalist 183(2): 174-187","Moscow","55.75","37.616667"
"A_HP_027","47","108","0.212","Host-Parasite","1","Hadfield JD, Krasnov BR, Poulin R, Shinichi N (2013) A tale of two phylogenies: comparative analyses of ecological interactions. The American Naturalist 183(2): 174-187","Moyyunkum","44.284045","72.948189"
"A_HP_028","19","19","0.317","Host-Parasite","1","Hadfield JD, Krasnov BR, Poulin R, Shinichi N (2013) A tale of two phylogenies: comparative analyses of ecological interactions. The American Naturalist 183(2): 174-187","Nakhichevan","39.208889","45.412222"
"A_HP_029","49","79","0.155","Host-Parasite","1","Hadfield JD, Krasnov BR, Poulin R, Shinichi N (2013) A tale of two phylogenies: comparative analyses of ecological interactions. The American Naturalist 183(2): 174-187","Kyrgyz Republic","42.866667","74.6"
"A_HP_030","29","51","0.243","Host-Parasite","1","Hadfield JD, Krasnov BR, Poulin R, Shinichi N (2013) A tale of two phylogenies: comparative analyses of ecological interactions. The American Naturalist 183(2): 174-187","North Russian Far East","65.694476","148.710938"
"A_HP_031","56","174","0.225","Host-Parasite","1","Hadfield JD, Krasnov BR, Poulin R, Shinichi N (2013) A tale of two phylogenies: comparative analyses of ecological interactions. The American Naturalist 183(2): 174-187","Novosibirsk","55.016667","82.933333"
"A_HP_032","27","32","0.176","Host-Parasite","1","Hadfield JD, Krasnov BR, Poulin R, Shinichi N (2013) A tale of two phylogenies: comparative analyses of ecological interactions. The American Naturalist 183(2): 174-187","Pavlodar","52.3","76.95"
"A_HP_033","47","198","0.36","Host-Parasite","1","Hadfield JD, Krasnov BR, Poulin R, Shinichi N (2013) A tale of two phylogenies: comparative analyses of ecological interactions. The American Naturalist 183(2): 174-187","Poland","52.233333","21.016667"
"A_HP_034","17","35","0.486","Host-Parasite","1","Hadfield JD, Krasnov BR, Poulin R, Shinichi N (2013) A tale of two phylogenies: comparative analyses of ecological interactions. The American Naturalist 183(2): 174-187","Pre-Polar Urals","65.127638","60.644531"
"A_HP_035","13","15","0.357","Host-Parasite","1","Hadfield JD, Krasnov BR, Poulin R, Shinichi N (2013) A tale of two phylogenies: comparative analyses of ecological interactions. The American Naturalist 183(2): 174-187","Scotland","55.95","-3.183333"
"A_HP_036","21","30","0.288","Host-Parasite","1","Hadfield JD, Krasnov BR, Poulin R, Shinichi N (2013) A tale of two phylogenies: comparative analyses of ecological interactions. The American Naturalist 183(2): 174-187","Selenga","49.261111","100.679167"
"A_HP_037","38","90","0.252","Host-Parasite","1","Hadfield JD, Krasnov BR, Poulin R, Shinichi N (2013) A tale of two phylogenies: comparative analyses of ecological interactions. The American Naturalist 183(2): 174-187","Slovakia","48.719961","19.493866"
"A_HP_038","30","52","0.26","Host-Parasite","1","Hadfield JD, Krasnov BR, Poulin R, Shinichi N (2013) A tale of two phylogenies: comparative analyses of ecological interactions. The American Naturalist 183(2): 174-187","Southwestern Azerbajan","39.661742","46.761932"
"A_HP_039","17","29","0.439","Host-Parasite","1","Hadfield JD, Krasnov BR, Poulin R, Shinichi N (2013) A tale of two phylogenies: comparative analyses of ecological interactions. The American Naturalist 183(2): 174-187","Sweden","63.708677","15.484886"
"A_HP_040","26","28","0.194","Host-Parasite","1","Hadfield JD, Krasnov BR, Poulin R, Shinichi N (2013) A tale of two phylogenies: comparative analyses of ecological interactions. The American Naturalist 183(2): 174-187","Syugaty","43.175123","74.66506"
"A_HP_041","21","50","0.455","Host-Parasite","1","Hadfield JD, Krasnov BR, Poulin R, Shinichi N (2013) A tale of two phylogenies: comparative analyses of ecological interactions. The American Naturalist 183(2): 174-187","Taimyr","72.659588","96.152344"
"A_HP_042","53","84","0.125","Host-Parasite","1","Hadfield JD, Krasnov BR, Poulin R, Shinichi N (2013) A tale of two phylogenies: comparative analyses of ecological interactions. The American Naturalist 183(2): 174-187","Tarbagatai","47.734879","82.036028"
"A_HP_043","38","73","0.28","Host-Parasite","1","Hadfield JD, Krasnov BR, Poulin R, Shinichi N (2013) A tale of two phylogenies: comparative analyses of ecological interactions. The American Naturalist 183(2): 174-187","Terskey Alatau","42.153056","78.436667"
"A_HP_044","53","197","0.281","Host-Parasite","1","Hadfield JD, Krasnov BR, Poulin R, Shinichi N (2013) A tale of two phylogenies: comparative analyses of ecological interactions. The American Naturalist 183(2): 174-187","Tomsk-Tumen","54.562508","75.591431"
"A_HP_045","23","57","0.509","Host-Parasite","1","Hadfield JD, Krasnov BR, Poulin R, Shinichi N (2013) A tale of two phylogenies: comparative analyses of ecological interactions. The American Naturalist 183(2): 174-187","Trans-Ili Altau","43.05","77.25"
"A_HP_046","56","202","0.305","Host-Parasite","1","Hadfield JD, Krasnov BR, Poulin R, Shinichi N (2013) A tale of two phylogenies: comparative analyses of ecological interactions. The American Naturalist 183(2): 174-187","Turkmenistan","39.588757","58.952637"
"A_HP_047","37","100","0.35","Host-Parasite","1","Hadfield JD, Krasnov BR, Poulin R, Shinichi N (2013) A tale of two phylogenies: comparative analyses of ecological interactions. The American Naturalist 183(2): 174-187","Tyva","51.851049","95.765076"
"A_HP_048","26","71","0.423","Host-Parasite","1","Hadfield JD, Krasnov BR, Poulin R, Shinichi N (2013) A tale of two phylogenies: comparative analyses of ecological interactions. The American Naturalist 183(2): 174-187","Ural Valley","51.420062","52.362815"
"A_HP_049","24","39","0.411","Host-Parasite","1","Hadfield JD, Krasnov BR, Poulin R, Shinichi N (2013) A tale of two phylogenies: comparative analyses of ecological interactions. The American Naturalist 183(2): 174-187","Ussury","46.61596","134.004707"
"A_HP_050","62","226","0.239","Host-Parasite","1","Hadfield JD, Krasnov BR, Poulin R, Shinichi N (2013) A tale of two phylogenies: comparative analyses of ecological interactions. The American Naturalist 183(2): 174-187","Volga-Kama","55.332269","49.724121"
"A_HP_051","39","107","0.317","Host-Parasite","1","Hadfield JD, Krasnov BR, Poulin R, Shinichi N (2013) A tale of two phylogenies: comparative analyses of ecological interactions. The American Naturalist 183(2): 174-187","Western-Sayan","52.192456","93.644714"
"A_PH_004","74","184","0.161","Plant-Herbivore","0","Joern, A. 1979. Feeding patterns in grasshoppers (Orthoptera: Acrididae): factors influencing diet specialization. Oecologia 38: 325-347","Altuda, Trans-Pecos, Texas","30.3025799","-103.4558401"
"A_PH_005","78","173","0.133","Plant-Herbivore","0","Joern, A. 1979. Feeding patterns in grasshoppers (Orthoptera: Acrididae): factors influencing diet specialization. Oecologia 38: 325-347","Marathon, Trans-Pecos, Texas","30.206431","-103.245385"
"A_PH_006","94","116","0.22","Plant-Herbivore","0","Leather, S.R. 1991. Feeding specialisation and host distribution of British and Finnish Prunus feeding macrolepidoptera. OIKOS 60: 40-48.","Britain","53.833333","-2.416667"
"A_PH_007","69","95","0.297","Plant-Herbivore","0","Leather, S.R. 1991. Feeding specialisation and host distribution of British and Finnish Prunus feeding macrolepidoptera. OIKOS 60: 40-48.","Finland","64.9146659","26.0672553"
"FW_001","40","185","0.237","Food Webs","1","Angelini, R., Agostinho A. (2005) Food web model of the Upper Paran ́a River Floodplain: description and aggregation effects. Ecological Modelling 181: 109–121","Parana, Brazil","-24.4842187","-51.8148872"
"FW_002","14","38","0.418","Food Webs","1","Angelini, R., Aloisio, GR., Carvalho, AR. (2011) Mixed food web control and stability in a Cerrado river (Brazil). Pan-American Journal of Aquatic Sciences 5(3):421-431","Cerrado River, Brazil","-24.0469624","-49.3478448"
"FW_003","28","127","0.336","Food Webs","1","Angelini, R., Velho, VF. (2011) Ecosystem structure and trophic analysis of Angolan fishery landings. Scientia Marina 75(2)","Angola","-11.8775768","17.5691241"
"FW_004","32","140","0.282","Food Webs","1","Angelini, R,. Agostinho A,. Carlos LG. (2006) Modeling energy flow in a large Neotropical Reservoir: a tool do evaluate fishing and stability. Neotrop. Ichthyol., 4(2):253-260, 2006","Itaipu, Brazil","-25.409371","-54.587545"
"FW_005","44","413","0.457","Food Webs","1","Torres MA., Coll M., Heymans JJ., Christensen V,. Sobrino I. (2013) Food-web structure of and fishing impacts on the Gulf of Cadiz ecosystem (South-western Spain). Ecological Modelling 265 (2013) 26–44","Cadiz, Spain","36.5298292","-6.2925679"
"FW_006","30","229","0.526","Food Webs","1","Cruz-Escalona, V.H., Arrequin-Sanchez, F., Zetina-Rejon, M. (2007)  Analysis of the ecosystem structure of Laguna Alvarado, western Gulf of Mexico, by means of a mass balance model. Estuarine, Coastal and Shelf Science 72 (155-167)","Gulf of Mexico","25.0000001","-90.0000001"
"FW_007","48","221","0.196","Food Webs","1","Christian, RR., Luczkovich JJ. (1999) Organizing and understanding a winter’s seagrass foodweb network through effective trophic levels","St Marks, Florida, USA","30.1612024","-84.2064795"
"FW_008","249","3313","0.106","Food Webs","1","J. Bascompte, C. J. Melián and E. Sala (2005). Interaction strength combinations and the overfishing of a marine food web. Proceedings of the National Academy of Sciences USA, 102: 5443-5447. ","Caribbean","18.425745","-74.998729"
"FW_009","40","241","0.309","Food Webs","1","Angelini, R., Morais, R., Catella AC., Resende KE., Libralato, S. (2013) Aquatic food webs of the oxbow lakes in the Pantanal: A new site for fisheries guaranteed by alternated control? Ecological Modelling 253 (82– 96)","South Pantanal Plain, River Basin, Baía da Onça, Brazil","-16.35","-56.666668"
"FW_010","39","248","0.335","Food Webs","1","Angelini, R., Morais, R., Catella AC., Resende KE., Libralato, S. (2013) Aquatic food webs of the oxbow lakes in the Pantanal: A new site for fisheries guaranteed by alternated control? Ecological Modelling 253 (82– 96)","South Pantanal Plain, River Basin, Braco Morto, Brazil","-16.35","-56.666668"
"FW_011","105","343","0.063","Food Webs","0","Thompson, R., Townsend, C. (2003) IMPACTS ON STREAM FOOD WEBS OF NATIVE AND EXOTIC FOREST: AN INTERCONTINENTAL COMPARISON. Ecology, 84(1), pp. 145–161","Maine, USA","45.709097","-68.8590201"
"FW_012_01","58","126","0.076","Food Webs","0","Thompson, R., Townsend, C. (2003) IMPACTS ON STREAM FOOD WEBS OF NATIVE AND EXOTIC FOREST: AN INTERCONTINENTAL COMPARISON. Ecology, 84(1), pp. 145–161","North Carolina, USA","36.075391","-79.001843"
"FW_012_02","71","148","0.06","Food Webs","0","Thompson, R., Townsend, C. (2003) IMPACTS ON STREAM FOOD WEBS OF NATIVE AND EXOTIC FOREST: AN INTERCONTINENTAL COMPARISON. Ecology, 84(1), pp. 145–161","North Carolina, USA","36.075391","-79.001843"
"FW_013_01","66","187","0.08","Food Webs","0","Thompson, R., Townsend, C. (2003) IMPACTS ON STREAM FOOD WEBS OF NATIVE AND EXOTIC FOREST: AN INTERCONTINENTAL COMPARISON. Ecology, 84(1), pp. 145–161","Otago, New Zealand","-45.1299859","169.5248818"
"FW_013_02","77","240","0.078","Food Webs","0","Thompson, R., Townsend, C. (2003) IMPACTS ON STREAM FOOD WEBS OF NATIVE AND EXOTIC FOREST: AN INTERCONTINENTAL COMPARISON. Ecology, 84(1), pp. 145–161","Otago, New Zealand","-45.1299859","169.5248818"
"FW_013_03","78","241","0.08","Food Webs","0","Thompson, R., Townsend, C. (2003) IMPACTS ON STREAM FOOD WEBS OF NATIVE AND EXOTIC FOREST: AN INTERCONTINENTAL COMPARISON. Ecology, 84(1), pp. 145–161","Otago, New Zealand","-45.1299859","169.5248818"
"FW_013_04","78","268","0.089","Food Webs","0","Thompson, R., Townsend, C. (2003) IMPACTS ON STREAM FOOD WEBS OF NATIVE AND EXOTIC FOREST: AN INTERCONTINENTAL COMPARISON. Ecology, 84(1), pp. 145–161","Otago, New Zealand","-45.1299859","169.5248818"
"FW_013_05","98","629","0.132","Food Webs","0","Thompson, R., Townsend, C. (2003) IMPACTS ON STREAM FOOD WEBS OF NATIVE AND EXOTIC FOREST: AN INTERCONTINENTAL COMPARISON. Ecology, 84(1), pp. 145–161","Otago, New Zealand","-45.1299859","169.5248818"
"FW_014_01","86","375","0.1","Food Webs","0","Townsend, R. Colin., Thompson, M. Ross., McInstosh, R. Angus., Kilroy, Cathy., Edwards, Eric., Scarsbrook, R. Mike. (1998) Disturbance, resource supply, and food-web architecture in streams. Ecology Letters 1: 200-109 ","Otago, New Zealand","-45.1299859","169.5248818"
"FW_014_02","94","565","0.127","Food Webs","0","Townsend, R. Colin., Thompson, M. Ross., McInstosh, R. Angus., Kilroy, Cathy., Edwards, Eric., Scarsbrook, R. Mike. (1998) Disturbance, resource supply, and food-web architecture in streams. Ecology Letters 1: 200-109 ","Otago, New Zealand","-45.1299859","169.5248818"
"FW_014_03","108","708","0.12","Food Webs","0","Townsend, R. Colin., Thompson, M. Ross., McInstosh, R. Angus., Kilroy, Cathy., Edwards, Eric., Scarsbrook, R. Mike. (1998) Disturbance, resource supply, and food-web architecture in streams. Ecology Letters 1: 200-109 ","Otago, New Zealand","-45.1299859","169.5248818"
"FW_014_04","112","832","0.131","Food Webs","0","Townsend, R. Colin., Thompson, M. Ross., McInstosh, R. Angus., Kilroy, Cathy., Edwards, Eric., Scarsbrook, R. Mike. (1998) Disturbance, resource supply, and food-web architecture in streams. Ecology Letters 1: 200-109 ","Otago, New Zealand","-45.1299859","169.5248818"
"FW_015_01","96","634","0.139","Food Webs","0","Thompson, R., Townsend, C. (2000) Is resolution the solution?: the effect of taxonomic resolution on the calculated properties of three stream food webs. Freshwater Biology  44, 413-422","Otago, New Zealand","-45.1299859","169.5248818"
"FW_015_02","83","415","0.114","Food Webs","0","Thompson, R., Townsend, C. (2000) Is resolution the solution?: the effect of taxonomic resolution on the calculated properties of three stream food webs. Freshwater Biology  44, 413-422","Otago, New Zealand","-45.1299859","169.5248818"
"FW_015_03","93","538","0.116","Food Webs","0","Thompson, R., Townsend, C. (2000) Is resolution the solution?: the effect of taxonomic resolution on the calculated properties of three stream food webs. Freshwater Biology  44, 413-422","Otago, New Zealand","-45.1299859","169.5248818"
"FW_015_04","107","966","0.17","Food Webs","0","Thompson, R., Townsend, C. (2000) Is resolution the solution?: the effect of taxonomic resolution on the calculated properties of three stream food webs. Freshwater Biology  44, 413-422","Otago, New Zealand","-45.1299859","169.5248818"
"FW_016_01","37","242","0.363","Food Webs","1","Baeta, A. , Niquil, A., Marques, J. C., Patrício, J. (2011) Modelling the effects of eutrophication, mitigation measures and an extreme flood event on estuarine benthic food webs. Ecological Modelling 222, 1209–1221","Mondego, Portugal","40.2141912","-8.403634"
"M_AF_001","36","80","0.308","Anemone-Fish","0","Jeff Ollerton, Duncan McCollin, Daphne G Fautin, Gerald R Allen. 2007. Finding NEMO: nestedness engendered by mutualistic organization in anemonefish and their hosts. Proc. R. Soc. B 274:591–598.","Africa, Indian ocean, Australia, Tokyo","14.1","64.37"
"M_AF_002_01","11","10","0.333","Anemone-Fish","0","Ricciardi, F., M. Boyer & J. Ollerton (2010). Assemblage and interaction structure of the anemonefish-anemone mutualism across the Manado region of Sulawesi, Indonesia. Environmental Biology of Fishes 87: 333-347.","Manado, Indonesia","1.4900578","124.8408708"
"M_AF_002_02","6","4","0.5","Anemone-Fish","0","Ricciardi, F., M. Boyer & J. Ollerton (2010). Assemblage and interaction structure of the anemonefish-anemone mutualism across the Manado region of Sulawesi, Indonesia. Environmental Biology of Fishes 87: 333-347.","Manado, Indonesia","1.4900578","124.8408708"
"M_AF_002_03","5","4","0.667","Anemone-Fish","0","Ricciardi, F., M. Boyer & J. Ollerton (2010). Assemblage and interaction structure of the anemonefish-anemone mutualism across the Manado region of Sulawesi, Indonesia. Environmental Biology of Fishes 87: 333-347.","Manado, Indonesia","1.4900578","124.8408708"
"M_AF_002_04","9","8","0.4","Anemone-Fish","0","Ricciardi, F., M. Boyer & J. Ollerton (2010). Assemblage and interaction structure of the anemonefish-anemone mutualism across the Manado region of Sulawesi, Indonesia. Environmental Biology of Fishes 87: 333-347.","Manado, Indonesia","1.4900578","124.8408708"
"M_AF_002_05","7","6","0.5","Anemone-Fish","0","Ricciardi, F., M. Boyer & J. Ollerton (2010). Assemblage and interaction structure of the anemonefish-anemone mutualism across the Manado region of Sulawesi, Indonesia. Environmental Biology of Fishes 87: 333-347.","Manado, Indonesia","1.4900578","124.8408708"
"M_AF_002_06","8","7","0.438","Anemone-Fish","0","Ricciardi, F., M. Boyer & J. Ollerton (2010). Assemblage and interaction structure of the anemonefish-anemone mutualism across the Manado region of Sulawesi, Indonesia. Environmental Biology of Fishes 87: 333-347.","Manado, Indonesia","1.4900578","124.8408708"
"M_AF_002_07","5","3","0.5","Anemone-Fish","0","Ricciardi, F., M. Boyer & J. Ollerton (2010). Assemblage and interaction structure of the anemonefish-anemone mutualism across the Manado region of Sulawesi, Indonesia. Environmental Biology of Fishes 87: 333-347.","Manado, Indonesia","1.4900578","124.8408708"
"M_AF_002_08","8","7","0.467","Anemone-Fish","0","Ricciardi, F., M. Boyer & J. Ollerton (2010). Assemblage and interaction structure of the anemonefish-anemone mutualism across the Manado region of Sulawesi, Indonesia. Environmental Biology of Fishes 87: 333-347.","Manado, Indonesia","1.4900578","124.8408708"
"M_AF_002_09","8","7","0.438","Anemone-Fish","0","Ricciardi, F., M. Boyer & J. Ollerton (2010). Assemblage and interaction structure of the anemonefish-anemone mutualism across the Manado region of Sulawesi, Indonesia. Environmental Biology of Fishes 87: 333-347.","Manado, Indonesia","1.4900578","124.8408708"
"M_AF_002_10","9","6","0.3","Anemone-Fish","0","Ricciardi, F., M. Boyer & J. Ollerton (2010). Assemblage and interaction structure of the anemonefish-anemone mutualism across the Manado region of Sulawesi, Indonesia. Environmental Biology of Fishes 87: 333-347.","Manado, Indonesia","1.4900578","124.8408708"
"M_AF_002_11","8","4","0.25","Anemone-Fish","0","Ricciardi, F., M. Boyer & J. Ollerton (2010). Assemblage and interaction structure of the anemonefish-anemone mutualism across the Manado region of Sulawesi, Indonesia. Environmental Biology of Fishes 87: 333-347.","Manado, Indonesia","1.4900578","124.8408708"
"M_AF_002_12","8","7","0.438","Anemone-Fish","0","Ricciardi, F., M. Boyer & J. Ollerton (2010). Assemblage and interaction structure of the anemonefish-anemone mutualism across the Manado region of Sulawesi, Indonesia. Environmental Biology of Fishes 87: 333-347.","Manado, Indonesia","1.4900578","124.8408708"
"M_AF_002_13","8","6","0.375","Anemone-Fish","0","Ricciardi, F., M. Boyer & J. Ollerton (2010). Assemblage and interaction structure of the anemonefish-anemone mutualism across the Manado region of Sulawesi, Indonesia. Environmental Biology of Fishes 87: 333-347.","Manado, Indonesia","1.4900578","124.8408708"
"M_AF_002_14","10","8","0.32","Anemone-Fish","0","Ricciardi, F., M. Boyer & J. Ollerton (2010). Assemblage and interaction structure of the anemonefish-anemone mutualism across the Manado region of Sulawesi, Indonesia. Environmental Biology of Fishes 87: 333-347.","Manado, Indonesia","1.4900578","124.8408708"
"M_AF_002_15","9","7","0.35","Anemone-Fish","0","Ricciardi, F., M. Boyer & J. Ollerton (2010). Assemblage and interaction structure of the anemonefish-anemone mutualism across the Manado region of Sulawesi, Indonesia. Environmental Biology of Fishes 87: 333-347.","Manado, Indonesia","1.4900578","124.8408708"
"M_AF_002_16","7","4","0.333","Anemone-Fish","0","Ricciardi, F., M. Boyer & J. Ollerton (2010). Assemblage and interaction structure of the anemonefish-anemone mutualism across the Manado region of Sulawesi, Indonesia. Environmental Biology of Fishes 87: 333-347.","Manado, Indonesia","1.4900578","124.8408708"
"M_PA_001","24","19","0.133","Plant-Ant","1","Davidson, D.W., R.R. Snelling, and J.T. Longino. 1989. Competition among ants for myrmecophytes and the significance of plant trichomes. Biotropica 21: 64-73","Estacion Biologica de Cocha Cashu","-11.8666666667","-71.3666666667"
"M_PA_002","10","13","0.542","Plant-Ant","1","Davidson, D.W., and B.L. Fisher. 1991. Symbiosis of ants with Cecropia as a function of light regime. Pages 289-309 in C.R. Huxley and D.F. Cutler, eds., Ant-Plant Interactions. Oxford University Press, Oxford.","Madre de Dios, Peru","-12.9978673","-69.6033293"
"M_PA_003","39","45","0.125","Plant-Ant","1","Fonseca, C.R., and G. Ganade. 1996. Asymmetries, compartments and null interactions in an Amazonian ant-plant community. Journal of Animal Ecology 66: 339-347.","Biological Dynamics of Forest Fragments Project","-2.4","-59.716667"
"M_PA_004","89","284","0.144","Plant-Ant","1","Bottom-up control and co-occurrence in complex communities: honeydew and nectar determine a rainforest ant mosaic. Oikos 106: 344-358","Australian Canopy Crane","-16.11667","145.45"
"M_PA_005","26","21","0.127","Plant-Ant","1","Emer, C., Venticinque, E. M., and Fonseca, C. R. 2013. Effects of dam‐induced landscape fragmentation on Amazonian ant-plant mutualistic networks. Conservation Biology 27: 763-773","Uatuma Biological Reserve","-1.2","-59.46"
"M_PL_001","185","361","0.043","Pollination","0","Arroyo, M.T.K., R. Primack & J.J. Armesto. 1982. Community studies in pollination ecology in the high temperate Andes of central Chile. I. Pollination mechanisms and altitudinal variation. Amer. J. Bot. 69:82-97.","Cordón del Cepo, Chile","-33.283334","-70.266668"
"M_PL_002","107","196","0.071","Pollination","0","Arroyo, M.T.K., R. Primack & J.J. Armesto. 1982. Community studies in pollination ecology in the high temperate Andes of central Chile. I. Pollination mechanisms and altitudinal variation. Amer. J. Bot. 69:82-97.","Cordón del Cepo, Chile","-33.283334","-70.266668"
"M_PL_003","61","81","0.09","Pollination","0","Arroyo, M.T.K., R. Primack & J.J. Armesto. 1982. Community studies in pollination ecology in the high temperate Andes of central Chile. I. Pollination mechanisms and altitudinal variation. Amer. J. Bot. 69:82-97.","Cordón del Cepo, Chile","-33.283334","-70.266668"
"M_PL_004","114","167","0.136","Pollination","1","Barrett, S. C. H., and K. Helenurm. 1987. The Reproductive-Biology of Boreal Forest Herbs.1. Breeding Systems and Pollination. Canadian Journal of Botany 65:2036-2046.","Central New Brunswick, Canada","46.553731","-66.071245"
"M_PL_005","371","923","0.035","Pollination","0","Clements, R. E., and F. L. Long. 1923, Experimental pollination. An outline of the ecology of flowers and insects. Washington, D.C., USA, Carnegie Institute of Washington.","Pikes Peak, Colorado, USA","38.841784","-105.043821"
"M_PL_006","78","146","0.141","Pollination","1","Dicks, LV, Corbet, SA and Pywell, RF 2002. Compartmentalization in plant–insect flower visitor webs. J. Anim. Ecol. 71: 32–43.","Hickling, Norfolk, UK","52.762395","1.575532"
"M_PL_007","52","85","0.148","Pollination","1","Dicks, LV, Corbet, SA and Pywell, RF 2002. Compartmentalization in plant–insect flower visitor webs. J. Anim. Ecol. 71: 32–43.","Shelfanger, Norfolk, UK","52.413173","1.097873"
"M_PL_008","49","106","0.254","Pollination","0","Dupont YL, Hansen DM and Olesen JM (2003) Structure of a plant-flower-visitor network in the high-altitude sub-alpine desert of Tenerife, Canary Islands. Ecography 26:301-310.","Tenerife, Canary Islands","28.216667","-16.633333"
"M_PL_009","142","242","0.085","Pollination","0","Elberling, H. & Olesen, J. M. 1999. The structure of a high latitude plant-pollinator system: The dominance of flies. Ecography 22:314-323.","Latnjajaure, Abisko, Sweden","68.35","18.5"
"M_PL_010","107","456","0.194","Pollination","0","Elberling & Olesen unpubl.","Zackenberg","74.5","-20.5"
"M_PL_011","27","52","0.286","Pollination","0","Olesen, J.M., Eskildsen, L.I. & Venkatasamy, S. (2002). Div. Distr., 8:181-192.","Mauritius Island","-20.348404","57.552152"
"M_PL_012","84","145","0.091","Pollination","0","Olesen unpubl.","Garajonay, Gomera, Spain","28.127842","-17.248908"
"M_PL_013","65","103","0.204","Pollination","1","Ollerton, J., S. D. Johnson, L. Cranmer, and S. Kellie. 2003. The pollination ecology of an assemblage of grassland asclepiads in South Africa. Annals of Botany 92:807-834.","KwaZulu-Natal region, South Africa","-29.616667","30.133333"
"M_PL_014","110","179","0.076","Pollination","0","Hocking, B. 1968. Insect-flower associations in the high Arctic with special reference to nectar. Oikos 19:359-388.","Hazen Camp, Ellesmere Island, Canada","81.816667","-71.3"
"M_PL_015","797","2933","0.034","Pollination","0","Petanidou, T. (1991). Pollination ecology in a phryganic ecosystem. Unp. PhD. Thesis, Aristotelian University, Thessaloniki.","Daphní, Athens, Greece","38.014466","23.635043"
"M_PL_016","205","412","0.089","Pollination","0","Herrera, J. (1988) Pollination relatioships in southern spanish mediterranean shrublands. Journal of Ecology 76: 274-287.","Doñana Nat. Park, Spain","37.016667","-6.55"
"M_PL_017","104","299","0.151","Pollination","1","Memmott J. 1999. The structure of a plant-pollinator food web. Ecology Letters 2:276-280.","Bristol, England","51.574994","-2.589902"
"M_PL_018","144","383","0.094","Pollination","0","Olesen unpubl.","Hestehaven, Denmark","56.238737","9.973652"
"M_PL_019","125","264","0.078","Pollination","1","Inouye, D. W., and G. H. Pyke. 1988. Pollination biology in the Snowy Mountains of Australia: comparisons with montane Colorado, USA. Australian Journal of Ecology 13:191-210.","Snowy Mountains, Australia","-36.45","148.266667"
"M_PL_020","111","190","0.104","Pollination","0","Kevan P. G. 1970. High Arctic insect-flower relations: The interrelationships of arthropods and flowers at Lake Hazen, Ellesmere Island, Northwest Territories, Canada. Ph.D. thesis, University of Alberta, Edmonton, 399 pp.","Hazen Camp, Ellesmere Island, Canada","81.816667","-71.3"
"M_PL_021","768","1193","0.019","Pollination","0","Kato, M., Kakutani, T., Inoue, T. and Itino, T. (1990). Insect-flower relationship in the primary beech forest of Ashu, Kyoto: An overview of the flowering phenology and the seasonal pattern of insect visits. Contrib. Biol. Lab., Kyoto, Univ., 27, 309-375.","Ashu, Kyoto, Japan","35.333333","135.75"
"M_PL_022","66","83","0.088","Pollination","0","Medan, D., N. H. Montaldo, M. Devoto, A. Mantese, V. Vasellati, and N. H. Bartoloni. 2002. Plant-pollinator relationships at two altitudes in the Andes of Mendoza, Argentina. Arctic Antarctic and Alpine Research 34:233-241.","Laguna Diamante, Mendoza, Argentina","-34.166667","-69.7"
"M_PL_023","95","125","0.075","Pollination","0","Medan, D., N. H. Montaldo, M. Devoto, A. Mantese, V. Vasellati, and N. H. Bartoloni. 2002. Plant-pollinator relationships at two altitudes in the Andes of Mendoza, Argentina. Arctic Antarctic and Alpine Research 34:233-241.","Rio Blanco, Mendoza, Argentina","-33","-69.283333"
"M_PL_024","29","38","0.192","Pollination","1","Mosquin, T., and J. E. H. Martin. 1967. Observations on the pollination biology of plants on Melville Island, N.W.T., Canada. Canadian Field Naturalist 81:201-205.","Melville Island, Canada","75","-114.966667"
"M_PL_025","57","143","0.25","Pollination","1","Motten, A. F. 1982. Pollination Ecology of the Spring Wildflower Community in the Deciduous Forests of Piedmont North Carolina. Doctoral Dissertation thesis, Duke University, Duhram, North Carolina, USA; Motten, A. F. 1986. Pollination ecology of the spring wildflower community of a temperate deciduous forest. Ecological Monographs 56:21-42.","North Carolina, USA","36.075391","-79.001843"
"M_PL_026","159","204","0.036","Pollination","0","McMullen, C. K. 1993. Flower-visiting insects of the Galapagos Islands. Pan-Pacific Entomologist 69:95-106","Galapagos","-0.5","-90.5"
"M_PL_027","78","120","0.111","Pollination","0","Primack, R.B. (1983). Insect pollination in the New Zealand mountain flora. New Zealand J. Bot. 21, 317-333. AP.","Arthur's Pass, New Zealand","-42.95","171.566667"
"M_PL_028","180","374","0.066","Pollination","0","Primack, R.B. (1983). Insect pollination in the New Zealand mountain flora. New Zealand J. Bot. 21, 317-333. Cass.","Cass, New Zealand","-43.02823","171.78466"
"M_PL_029","167","346","0.06","Pollination","0","Primack, R.B. (1983). Insect pollination in the New Zealand mountain flora. New Zealand J. Bot. 21, 317-333. Craigieb.","Craigieburn, New Zealand","-43.099531","171.720224"
"M_PL_030","81","109","0.073","Pollination","0","Ramirez, N., and Y. Brito. 1992. Pollination Biology in a Palm Swamp Community in the Venezuelan Central Plains. Botanical Journal of the Linnean Society 110:277-302.","Guarico State, Venezuela","8.933333","-67.416667"
"M_PL_031","97","156","0.066","Pollination","0","Ramirez, N. (1989). Biología de polinización en una comunidad arbustiva tropical de la alta Guyana Venezolana. Biotropica 21, 319-330.","Canaima Nat. Park, Venezuela","5.583333","-61.716667"
"M_PL_032","40","65","0.281","Pollination","0","Schemske, D. W., M. F. Willson, M. N. Melampy, L. J. Miller, L. Verner, K. M. Schemske, and L. B. Best. 1978. Flowering Ecology of Some Spring Woodland Herbs. Ecology 59:351-366.","Brownfield, Illinois, USA","40.133333","-88.166667"
"M_PL_033","47","141","0.319","Pollination","1","Small, E. 1976. Insect pollinators of the Mer Bleue peat bog of Ottawa. Canadian Field Naturalist 90:22-28.","Ottawa, Canada","45.4","-75.5"
"M_PL_034","154","312","0.094","Pollination","0","Smith-Ramírez C., P. Martinez, M. Nuñez, C. González and J. J. Armesto (2005) Diversity, flower visitation frequency and generalism of pollinators in temperate rain forests of Chiloé Island,Chile. Botanical Journal of the Linnean Society, 2005, 147, 399–416.","Chiloe, Chile","-42","-73.583333"
"M_PL_035","97","178","0.081","Pollination","0","Percival, M. (1974). Floral Ecology of Coastal Scrub in Southeast Jamaica. Biotropica, 6, 104-129.","Morant Point, Jamaica","17.916667","-76.191667"
"M_PL_036","22","30","0.25","Pollination","0","Olesen unpubl.","Flores, Açores","39.466667","-31.227222"
"M_PL_037","50","72","0.18","Pollination","0","Montero AC (2005).The Ecology of Three Pollination Networks. MSc thesis (Univ of Aarhus, Aarhus, Denmark).","Hestehaven, Denmark","56.248737","9.973652"
"M_PL_038","50","79","0.235","Pollination","0","Montero AC (2005).The Ecology of Three Pollination Networks. MSc thesis (Univ of Aarhus, Aarhus, Denmark).","Hestehaven, Denmark","56.238737","9.993652"
"M_PL_039","68","129","0.149","Pollination","0","Stald L (2003). Struktur og dynamik i rum og tid af et bestøvningsnetværk på Tenerife, De Kanariske Øer. Msc thesis (Univ of Aarhus, Aarhus, Denmark).","Tenerife, Canary Islands","28.268611","-16.605556"
"M_PL_040","72","114","0.091","Pollination","1","Ingversen TT (2006). Plant–pollinator interactions on Jamaica and Dominica: The centrality, asymmetry and modularity of networks. Msc thesis (Univ of Aarhus, Aarhus, Denmark).","Windsor, The Cockpit Country, Jamaica","18.353889","-77.645278"
"M_PL_041","74","145","0.109","Pollination","1","Ingversen TT (2006) MSc thesis (Univ of Aarhus, Aarhus, Denmark). (MSc, 2006, Tanja Toftemark Ingversen, Plant–pollinator interactions on Jamaica and Dominica: The centrality, asymmetry and modularity of networks)","Syndicate, Dominica","15.518889","-61.467222"
"M_PL_042","18","25","0.347","Pollination","0","Philipp M, Böcher J, Siegismund HR, Nielsen LR (2006) Ecography 29:531-540. (Philipp, M., Böcher, J., Siegismund, H. R. and Nielsen, L. R. 2006. Structure of a plant-pollinator network on a pahoehoe lava desert of the Galápagos Islands. – Ecography 29: 531– 40.)","Puerto Villamil, Isabela Island, Galapagos","-0.949194","-90.977222"
"M_PL_043","110","250","0.109","Pollination","0","Montero AC (2005).The Ecology of Three Pollination Networks. MSc thesis (Univ of Aarhus, Aarhus, Denmark).","Hestehaven, Denmark","56.238737","9.953652"
"M_PL_044","719","1125","0.017","Pollination","1","Kato M (2000).Anthophilous insect community and plant-pollinator interactions on Amami Islands in the Ryukyu Archipelago, Japan. Contr Biol Lab Kyoto Univ 29:157-252.","Amami-Ohsima Island, Japan","28.377248","129.493741"
"M_PL_045","43","63","0.143","Pollination","1","Lundgren R, Olesen JM (2005). The Dense and Highly Connected World of Greenland's Plants and Their Pollinators. Arc Antarc Alp Res 37:514-520.","Uummannaq Island, Greenland","71","-52"
"M_PL_046","60","278","0.395","Pollination","0","Bundgaard, M. (2003). Tidslig og rumlig variation i et plante-bestøvernetværk. Msc thesis. University of Aarhus. Aarhus, Denmark.","Denmark","56.066667","10.233333"
"M_PL_047","205","425","0.12","Pollination","0","Dupont & Olesen(2009). J. Animal Ecology, 78:346-353.","Isenbjerg","56.066667","9.266667"
"M_PL_048","266","671","0.095","Pollination","0","Dupont & Olesen(2009). J. Animal Ecology, 78:346-353.","Denmark","56.1","9.1"
"M_PL_049","262","590","0.071","Pollination","0","Bek S (2006). A pollination network from a Danish forest meadow. MSc thesis (Univ of Aarhus, Aarhus, Denmark).","Denmark","56.066667","10.216667"
"M_PL_050","49","86","0.176","Pollination","0","Stald, L., Valido, A. & Olesen, J. M. 2003. Struktur og dynamik i rum og tid at et bestøvningsnetværk på Tenerife, De Kanariske Øer. MSc-thesis, Univ. of Aarhus, Denmark.","Tenerife, Canary Islands","28.268611","-16.605556"
"M_PL_051","104","164","0.13","Pollination","1","Vázquez DP. 2002. Interactions among Introduced Ungulates, Plants, and Pollinators: A Field Study in the Temperate Forest of the Southern Andes. Ph.D. Dissertation. Department of Ecology and Evolutionary Biology, University of Tennessee, Knoxville.","Nahuel Huapi National Park, Argentina","-41.077069","-71.525206"
"M_PL_052","54","92","0.157","Pollination","0","Witt P (1998) BSc thesis. Univ of Aarhus, Aarhus, Denmark.","Tundra, Greenladn","66.966667","-50.55"
"M_PL_053","393","589","0.02","Pollination","0","Yamazaki, K. & Kato, M. 2003. Flowering phenology and anthophilous insect community in a grassland ecosystem at Mt. Yufu, Western Japan. Contributions from the Biological Laboratory, Kyoto University 29: 255-318.","Mt. Yufu, Japan","33.4","131.5"
"M_PL_054","431","773","0.022","Pollination","1","Kakutani, T., T. Inoue, M. Kato and H. Ichihashi (1990) Insect-flower relationship in the campus of Kyoto University, Kyoto: An overview of the flowering phenology and the seasonal pattern of insect visits. Contribution from the Biological Laboratory, Kyoto University, 27: 465-521.","Kyoto City, Japan","35.033333","135.783333"
"M_PL_055","259","431","0.035","Pollination","1","Kato & Miura (1996). Flowering phenology and anthophilous insect community at a threatened natural lowland marsh at Nakaikemi in Tsuruga, Japan. Kyoto University, Vol. 29: 1-48","Nakaikemi marsh, Fukui Prefecture, Japan","35.65","136.083333"
"M_PL_056","456","871","0.026","Pollination","1","Kato et al. 1993. Flowering Phenology and Anthophilous Insect Community in the Cool-Temperate Subalpine Forests and Meadows at Mt. Kushigata in the Central Part of Japan. Contributions from the Biological Laboratory, Kyoto University 28: 119-172","Mt. Kushigata, Yamanashi Pref., Japan","35.583333","138.383333"
"M_PL_057","997","1920","0.019","Pollination","1","Inoue et al 1990. Insect-flower Relationship in the Temperate Deciduous Forest of Kibune, Kyoto : An Overview of the Flowering Phenology and the Seasonal Pattern of Insect Visits.","Kibune, Kyoto, Japan","35.166667","135.866667"
"M_PL_058","113","319","0.123","Pollination","1","Bartomeus, I., Vilà, M. & Santamaria, L., 2008. Contrasting effects of invasive plants in plant-pollinator networks. Oecologia 155: 761-770.","Parc Natural del Cap de Creus","42.2973","3.235217"
"M_PL_059","26","71","0.42","Pollination","1","Bezerra ELS, Machado ICS, Mello MAR. 2009. Pollination networks of oil-flowers: a tiny world within the smallest of all worlds. Journal of Animal Ecology 78:1096–1101.","Parque Nacional do Catimbau","-8.505","-37.201389"
"M_PL_060_01","50","95","0.221","Pollination","1","Kaiser-Bunbury, C. N., S. Muff, J. Memmott, C. B. Müller, and A. Caflisch. 2010. The robustness of pollination networks to the loss of species and interactions: A quantitative approach incorporating pollinator behaviour. Ecology Letters 13:442-452.","Black River Gorges National Park, Mauritius","-20.7","57.733333"
"M_PL_060_02","50","107","0.235","Pollination","1","Kaiser-Bunbury, C. N., S. Muff, J. Memmott, C. B. Müller, and A. Caflisch. 2010. The robustness of pollination networks to the loss of species and interactions: A quantitative approach incorporating pollinator behaviour. Ecology Letters 13:442-452.","Black River Gorges National Park, Mauritius","-20.7","57.733333"
"M_PL_060_03","58","130","0.222","Pollination","1","Kaiser-Bunbury, C. N., S. Muff, J. Memmott, C. B. Müller, and A. Caflisch. 2010. The robustness of pollination networks to the loss of species and interactions: A quantitative approach incorporating pollinator behaviour. Ecology Letters 13:442-452.","Black River Gorges National Park, Mauritius","-20.7","57.733333"
"M_PL_060_04","67","134","0.139","Pollination","1","Kaiser-Bunbury, C. N., S. Muff, J. Memmott, C. B. Müller, and A. Caflisch. 2010. The robustness of pollination networks to the loss of species and interactions: A quantitative approach incorporating pollinator behaviour. Ecology Letters 13:442-452.","Black River Gorges National Park, Mauritius","-20.7","57.733333"
"M_PL_060_05","87","144","0.081","Pollination","1","Kaiser-Bunbury, C. N., S. Muff, J. Memmott, C. B. Müller, and A. Caflisch. 2010. The robustness of pollination networks to the loss of species and interactions: A quantitative approach incorporating pollinator behaviour. Ecology Letters 13:442-452.","Black River Gorges National Park, Mauritius","-20.7","57.733333"
"M_PL_060_06","71","96","0.082","Pollination","1","Kaiser-Bunbury, C. N., S. Muff, J. Memmott, C. B. Müller, and A. Caflisch. 2010. The robustness of pollination networks to the loss of species and interactions: A quantitative approach incorporating pollinator behaviour. Ecology Letters 13:442-452.","Black River Gorges National Park, Mauritius","-20.7","57.733333"
"M_PL_060_07","68","108","0.095","Pollination","1","Kaiser-Bunbury, C. N., S. Muff, J. Memmott, C. B. Müller, and A. Caflisch. 2010. The robustness of pollination networks to the loss of species and interactions: A quantitative approach incorporating pollinator behaviour. Ecology Letters 13:442-452.","Black River Gorges National Park, Mauritius","-20.7","57.733333"
"M_PL_060_08","47","72","0.135","Pollination","1","Kaiser-Bunbury, C. N., S. Muff, J. Memmott, C. B. Müller, and A. Caflisch. 2010. The robustness of pollination networks to the loss of species and interactions: A quantitative approach incorporating pollinator behaviour. Ecology Letters 13:442-452.","Black River Gorges National Park, Mauritius","-20.7","57.733333"
"M_PL_060_09","58","78","0.108","Pollination","1","Kaiser-Bunbury, C. N., S. Muff, J. Memmott, C. B. Müller, and A. Caflisch. 2010. The robustness of pollination networks to the loss of species and interactions: A quantitative approach incorporating pollinator behaviour. Ecology Letters 13:442-452.","Black River Gorges National Park, Mauritius","-20.7","57.733333"
"M_PL_060_10","39","51","0.146","Pollination","1","Kaiser-Bunbury, C. N., S. Muff, J. Memmott, C. B. Müller, and A. Caflisch. 2010. The robustness of pollination networks to the loss of species and interactions: A quantitative approach incorporating pollinator behaviour. Ecology Letters 13:442-452.","Black River Gorges National Park, Mauritius","-20.7","57.733333"
"M_PL_060_11","34","43","0.154","Pollination","1","Kaiser-Bunbury, C. N., S. Muff, J. Memmott, C. B. Müller, and A. Caflisch. 2010. The robustness of pollination networks to the loss of species and interactions: A quantitative approach incorporating pollinator behaviour. Ecology Letters 13:442-452.","Black River Gorges National Park, Mauritius","-20.7","57.733333"
"M_PL_060_12","37","60","0.21","Pollination","1","Kaiser-Bunbury, C. N., S. Muff, J. Memmott, C. B. Müller, and A. Caflisch. 2010. The robustness of pollination networks to the loss of species and interactions: A quantitative approach incorporating pollinator behaviour. Ecology Letters 13:442-452.","Black River Gorges National Park, Mauritius","-20.7","57.733333"
"M_PL_060_13","38","48","0.221","Pollination","1","Kaiser-Bunbury, C. N., S. Muff, J. Memmott, C. B. Müller, and A. Caflisch. 2010. The robustness of pollination networks to the loss of species and interactions: A quantitative approach incorporating pollinator behaviour. Ecology Letters 13:442-452.","Black River Gorges National Park, Mauritius","-20.7","57.733333"
"M_PL_060_14","48","99","0.243","Pollination","1","Kaiser-Bunbury, C. N., S. Muff, J. Memmott, C. B. Müller, and A. Caflisch. 2010. The robustness of pollination networks to the loss of species and interactions: A quantitative approach incorporating pollinator behaviour. Ecology Letters 13:442-452.","Black River Gorges National Park, Mauritius","-20.7","57.733333"
"M_PL_060_15","51","131","0.253","Pollination","1","Kaiser-Bunbury, C. N., S. Muff, J. Memmott, C. B. Müller, and A. Caflisch. 2010. The robustness of pollination networks to the loss of species and interactions: A quantitative approach incorporating pollinator behaviour. Ecology Letters 13:442-452.","Black River Gorges National Park, Mauritius","-20.7","57.733333"
"M_PL_060_16","56","114","0.172","Pollination","1","Kaiser-Bunbury, C. N., S. Muff, J. Memmott, C. B. Müller, and A. Caflisch. 2010. The robustness of pollination networks to the loss of species and interactions: A quantitative approach incorporating pollinator behaviour. Ecology Letters 13:442-452.","Black River Gorges National Park, Mauritius","-20.7","57.733333"
"M_PL_060_17","52","100","0.168","Pollination","1","Kaiser-Bunbury, C. N., S. Muff, J. Memmott, C. B. Müller, and A. Caflisch. 2010. The robustness of pollination networks to the loss of species and interactions: A quantitative approach incorporating pollinator behaviour. Ecology Letters 13:442-452.","Black River Gorges National Park, Mauritius","-20.7","57.733333"
"M_PL_060_18","48","75","0.134","Pollination","1","Kaiser-Bunbury, C. N., S. Muff, J. Memmott, C. B. Müller, and A. Caflisch. 2010. The robustness of pollination networks to the loss of species and interactions: A quantitative approach incorporating pollinator behaviour. Ecology Letters 13:442-452.","Black River Gorges National Park, Mauritius","-20.7","57.733333"
"M_PL_060_19","31","41","0.175","Pollination","1","Kaiser-Bunbury, C. N., S. Muff, J. Memmott, C. B. Müller, and A. Caflisch. 2010. The robustness of pollination networks to the loss of species and interactions: A quantitative approach incorporating pollinator behaviour. Ecology Letters 13:442-452.","Black River Gorges National Park, Mauritius","-20.7","57.733333"
"M_PL_060_20","30","37","0.171","Pollination","1","Kaiser-Bunbury, C. N., S. Muff, J. Memmott, C. B. Müller, and A. Caflisch. 2010. The robustness of pollination networks to the loss of species and interactions: A quantitative approach incorporating pollinator behaviour. Ecology Letters 13:442-452.","Black River Gorges National Park, Mauritius","-20.7","57.733333"
"M_PL_060_21","28","32","0.242","Pollination","1","Kaiser-Bunbury, C. N., S. Muff, J. Memmott, C. B. Müller, and A. Caflisch. 2010. The robustness of pollination networks to the loss of species and interactions: A quantitative approach incorporating pollinator behaviour. Ecology Letters 13:442-452.","Black River Gorges National Park, Mauritius","-20.7","57.733333"
"M_PL_060_22","44","64","0.159","Pollination","1","Kaiser-Bunbury, C. N., S. Muff, J. Memmott, C. B. Müller, and A. Caflisch. 2010. The robustness of pollination networks to the loss of species and interactions: A quantitative approach incorporating pollinator behaviour. Ecology Letters 13:442-452.","Black River Gorges National Park, Mauritius","-20.7","57.733333"
"M_PL_060_23","39","57","0.176","Pollination","1","Kaiser-Bunbury, C. N., S. Muff, J. Memmott, C. B. Müller, and A. Caflisch. 2010. The robustness of pollination networks to the loss of species and interactions: A quantitative approach incorporating pollinator behaviour. Ecology Letters 13:442-452.","Black River Gorges National Park, Mauritius","-20.7","57.733333"
"M_PL_060_24","38","46","0.137","Pollination","1","Kaiser-Bunbury, C. N., S. Muff, J. Memmott, C. B. Müller, and A. Caflisch. 2010. The robustness of pollination networks to the loss of species and interactions: A quantitative approach incorporating pollinator behaviour. Ecology Letters 13:442-452.","Black River Gorges National Park, Mauritius","-20.7","57.733333"
"M_PL_061_01","17","17","0.283","Pollination","1","Kaiser-Bunbury CN, Vázquez DP, Stang M, Ghazoul J. 2014. Determinants of the microstructure of plant-pollinator networks. Ecology, 95: 3314-3324.","Morne Seychellois National Park, Mahé","-4.666667","55.43333"
"M_PL_061_02","22","27","0.318","Pollination","1","Kaiser-Bunbury CN, Vázquez DP, Stang M, Ghazoul J. 2014. Determinants of the microstructure of plant-pollinator networks. Ecology, 95: 3314-3324.","Morne Seychellois National Park, Mahé","-4.666667","55.43333"
"M_PL_061_03","20","24","0.286","Pollination","1","Kaiser-Bunbury CN, Vázquez DP, Stang M, Ghazoul J. 2014. Determinants of the microstructure of plant-pollinator networks. Ecology, 95: 3314-3324.","Morne Seychellois National Park, Mahé","-4.666667","55.43333"
"M_PL_061_04","22","29","0.259","Pollination","1","Kaiser-Bunbury CN, Vázquez DP, Stang M, Ghazoul J. 2014. Determinants of the microstructure of plant-pollinator networks. Ecology, 95: 3314-3324.","Morne Seychellois National Park, Mahé","-4.666667","55.43333"
"M_PL_061_05","34","51","0.193","Pollination","1","Kaiser-Bunbury CN, Vázquez DP, Stang M, Ghazoul J. 2014. Determinants of the microstructure of plant-pollinator networks. Ecology, 95: 3314-3324.","Morne Seychellois National Park, Mahé","-4.666667","55.43333"
"M_PL_061_06","35","58","0.22","Pollination","1","Kaiser-Bunbury CN, Vázquez DP, Stang M, Ghazoul J. 2014. Determinants of the microstructure of plant-pollinator networks. Ecology, 95: 3314-3324.","Morne Seychellois National Park, Mahé","-4.666667","55.43333"
"M_PL_061_07","32","62","0.3","Pollination","1","Kaiser-Bunbury CN, Vázquez DP, Stang M, Ghazoul J. 2014. Determinants of the microstructure of plant-pollinator networks. Ecology, 95: 3314-3324.","Morne Seychellois National Park, Mahé","-4.666667","55.43333"
"M_PL_061_08","25","35","0.307","Pollination","1","Kaiser-Bunbury CN, Vázquez DP, Stang M, Ghazoul J. 2014. Determinants of the microstructure of plant-pollinator networks. Ecology, 95: 3314-3324.","Morne Seychellois National Park, Mahé","-4.666667","55.43333"
"M_PL_061_09","16","15","0.25","Pollination","1","Kaiser-Bunbury CN, Vázquez DP, Stang M, Ghazoul J. 2014. Determinants of the microstructure of plant-pollinator networks. Ecology, 95: 3314-3324.","Morne Seychellois National Park, Mahé","-4.666667","55.43333"
"M_PL_061_10","19","20","0.286","Pollination","1","Kaiser-Bunbury CN, Vázquez DP, Stang M, Ghazoul J. 2014. Determinants of the microstructure of plant-pollinator networks. Ecology, 95: 3314-3324.","Morne Seychellois National Park, Mahé","-4.666667","55.43333"
"M_PL_061_11","18","17","0.236","Pollination","1","Kaiser-Bunbury CN, Vázquez DP, Stang M, Ghazoul J. 2014. Determinants of the microstructure of plant-pollinator networks. Ecology, 95: 3314-3324.","Morne Seychellois National Park, Mahé","-4.666667","55.43333"
"M_PL_061_12","19","24","0.286","Pollination","1","Kaiser-Bunbury CN, Vázquez DP, Stang M, Ghazoul J. 2014. Determinants of the microstructure of plant-pollinator networks. Ecology, 95: 3314-3324.","Morne Seychellois National Park, Mahé","-4.666667","55.43333"
"M_PL_061_13","26","39","0.293","Pollination","1","Kaiser-Bunbury CN, Vázquez DP, Stang M, Ghazoul J. 2014. Determinants of the microstructure of plant-pollinator networks. Ecology, 95: 3314-3324.","Morne Seychellois National Park, Mahé","-4.666667","55.43333"
"M_PL_061_14","17","18","0.273","Pollination","1","Kaiser-Bunbury CN, Vázquez DP, Stang M, Ghazoul J. 2014. Determinants of the microstructure of plant-pollinator networks. Ecology, 95: 3314-3324.","Morne Seychellois National Park, Mahé","-4.666667","55.43333"
"M_PL_061_15","24","33","0.306","Pollination","1","Kaiser-Bunbury CN, Vázquez DP, Stang M, Ghazoul J. 2014. Determinants of the microstructure of plant-pollinator networks. Ecology, 95: 3314-3324.","Morne Seychellois National Park, Mahé","-4.666667","55.43333"
"M_PL_061_16","27","41","0.27","Pollination","1","Kaiser-Bunbury CN, Vázquez DP, Stang M, Ghazoul J. 2014. Determinants of the microstructure of plant-pollinator networks. Ecology, 95: 3314-3324.","Morne Seychellois National Park, Mahé","-4.666667","55.43333"
"M_PL_061_17","22","19","0.162","Pollination","1","Kaiser-Bunbury CN, Vázquez DP, Stang M, Ghazoul J. 2014. Determinants of the microstructure of plant-pollinator networks. Ecology, 95: 3314-3324.","Morne Seychellois National Park, Mahé","-4.666667","55.43333"
"M_PL_061_18","29","35","0.177","Pollination","1","Kaiser-Bunbury CN, Vázquez DP, Stang M, Ghazoul J. 2014. Determinants of the microstructure of plant-pollinator networks. Ecology, 95: 3314-3324.","Morne Seychellois National Park, Mahé","-4.666667","55.43333"
"M_PL_061_19","32","44","0.19","Pollination","1","Kaiser-Bunbury CN, Vázquez DP, Stang M, Ghazoul J. 2014. Determinants of the microstructure of plant-pollinator networks. Ecology, 95: 3314-3324.","Morne Seychellois National Park, Mahé","-4.666667","55.43333"
"M_PL_061_20","25","25","0.162","Pollination","1","Kaiser-Bunbury CN, Vázquez DP, Stang M, Ghazoul J. 2014. Determinants of the microstructure of plant-pollinator networks. Ecology, 95: 3314-3324.","Morne Seychellois National Park, Mahé","-4.666667","55.43333"
"M_PL_061_21","29","43","0.217","Pollination","1","Kaiser-Bunbury CN, Vázquez DP, Stang M, Ghazoul J. 2014. Determinants of the microstructure of plant-pollinator networks. Ecology, 95: 3314-3324.","Morne Seychellois National Park, Mahé","-4.666667","55.43333"
"M_PL_061_22","28","28","0.156","Pollination","1","Kaiser-Bunbury CN, Vázquez DP, Stang M, Ghazoul J. 2014. Determinants of the microstructure of plant-pollinator networks. Ecology, 95: 3314-3324.","Morne Seychellois National Park, Mahé","-4.666667","55.43333"
"M_PL_061_23","36","45","0.173","Pollination","1","Kaiser-Bunbury CN, Vázquez DP, Stang M, Ghazoul J. 2014. Determinants of the microstructure of plant-pollinator networks. Ecology, 95: 3314-3324.","Morne Seychellois National Park, Mahé","-4.666667","55.43333"
"M_PL_061_24","29","46","0.232","Pollination","1","Kaiser-Bunbury CN, Vázquez DP, Stang M, Ghazoul J. 2014. Determinants of the microstructure of plant-pollinator networks. Ecology, 95: 3314-3324.","Morne Seychellois National Park, Mahé","-4.666667","55.43333"
"M_PL_061_25","16","21","0.382","Pollination","1","Kaiser-Bunbury CN, Vázquez DP, Stang M, Ghazoul J. 2014. Determinants of the microstructure of plant-pollinator networks. Ecology, 95: 3314-3324.","Morne Seychellois National Park, Mahé","-4.666667","55.43333"
"M_PL_061_26","20","28","0.308","Pollination","1","Kaiser-Bunbury CN, Vázquez DP, Stang M, Ghazoul J. 2014. Determinants of the microstructure of plant-pollinator networks. Ecology, 95: 3314-3324.","Morne Seychellois National Park, Mahé","-4.666667","55.43333"
"M_PL_061_27","19","21","0.269","Pollination","1","Kaiser-Bunbury CN, Vázquez DP, Stang M, Ghazoul J. 2014. Determinants of the microstructure of plant-pollinator networks. Ecology, 95: 3314-3324.","Morne Seychellois National Park, Mahé","-4.666667","55.43333"
"M_PL_061_28","27","36","0.237","Pollination","1","Kaiser-Bunbury CN, Vázquez DP, Stang M, Ghazoul J. 2014. Determinants of the microstructure of plant-pollinator networks. Ecology, 95: 3314-3324.","Morne Seychellois National Park, Mahé","-4.666667","55.43333"
"M_PL_061_29","26","39","0.271","Pollination","1","Kaiser-Bunbury CN, Vázquez DP, Stang M, Ghazoul J. 2014. Determinants of the microstructure of plant-pollinator networks. Ecology, 95: 3314-3324.","Morne Seychellois National Park, Mahé","-4.666667","55.43333"
"M_PL_061_30","20","30","0.33","Pollination","1","Kaiser-Bunbury CN, Vázquez DP, Stang M, Ghazoul J. 2014. Determinants of the microstructure of plant-pollinator networks. Ecology, 95: 3314-3324.","Morne Seychellois National Park, Mahé","-4.666667","55.43333"
"M_PL_061_31","24","35","0.368","Pollination","1","Kaiser-Bunbury CN, Vázquez DP, Stang M, Ghazoul J. 2014. Determinants of the microstructure of plant-pollinator networks. Ecology, 95: 3314-3324.","Morne Seychellois National Park, Mahé","-4.666667","55.43333"
"M_PL_061_32","24","28","0.259","Pollination","1","Kaiser-Bunbury CN, Vázquez DP, Stang M, Ghazoul J. 2014. Determinants of the microstructure of plant-pollinator networks. Ecology, 95: 3314-3324.","Morne Seychellois National Park, Mahé","-4.666667","55.43333"
"M_PL_061_33","8","6","0.5","Pollination","1","Kaiser-Bunbury CN, Vázquez DP, Stang M, Ghazoul J. 2014. Determinants of the microstructure of plant-pollinator networks. Ecology, 95: 3314-3324.","Morne Seychellois National Park, Mahé","-4.666667","55.43333"
"M_PL_061_34","10","9","0.429","Pollination","1","Kaiser-Bunbury CN, Vázquez DP, Stang M, Ghazoul J. 2014. Determinants of the microstructure of plant-pollinator networks. Ecology, 95: 3314-3324.","Morne Seychellois National Park, Mahé","-4.666667","55.43333"
"M_PL_061_35","22","19","0.162","Pollination","1","Kaiser-Bunbury CN, Vázquez DP, Stang M, Ghazoul J. 2014. Determinants of the microstructure of plant-pollinator networks. Ecology, 95: 3314-3324.","Morne Seychellois National Park, Mahé","-4.666667","55.43333"
"M_PL_061_36","24","31","0.261","Pollination","1","Kaiser-Bunbury CN, Vázquez DP, Stang M, Ghazoul J. 2014. Determinants of the microstructure of plant-pollinator networks. Ecology, 95: 3314-3324.","Morne Seychellois National Park, Mahé","-4.666667","55.43333"
"M_PL_061_37","30","43","0.206","Pollination","1","Kaiser-Bunbury CN, Vázquez DP, Stang M, Ghazoul J. 2014. Determinants of the microstructure of plant-pollinator networks. Ecology, 95: 3314-3324.","Morne Seychellois National Park, Mahé","-4.666667","55.43333"
"M_PL_061_38","33","49","0.213","Pollination","1","Kaiser-Bunbury CN, Vázquez DP, Stang M, Ghazoul J. 2014. Determinants of the microstructure of plant-pollinator networks. Ecology, 95: 3314-3324.","Morne Seychellois National Park, Mahé","-4.666667","55.43333"
"M_PL_061_39","30","46","0.286","Pollination","1","Kaiser-Bunbury CN, Vázquez DP, Stang M, Ghazoul J. 2014. Determinants of the microstructure of plant-pollinator networks. Ecology, 95: 3314-3324.","Morne Seychellois National Park, Mahé","-4.666667","55.43333"
"M_PL_061_40","35","58","0.248","Pollination","1","Kaiser-Bunbury CN, Vázquez DP, Stang M, Ghazoul J. 2014. Determinants of the microstructure of plant-pollinator networks. Ecology, 95: 3314-3324.","Morne Seychellois National Park, Mahé","-4.666667","55.43333"
"M_PL_061_41","13","11","0.306","Pollination","1","Kaiser-Bunbury CN, Vázquez DP, Stang M, Ghazoul J. 2014. Determinants of the microstructure of plant-pollinator networks. Ecology, 95: 3314-3324.","Morne Seychellois National Park, Mahé","-4.666667","55.43333"
"M_PL_061_42","17","16","0.242","Pollination","1","Kaiser-Bunbury CN, Vázquez DP, Stang M, Ghazoul J. 2014. Determinants of the microstructure of plant-pollinator networks. Ecology, 95: 3314-3324.","Morne Seychellois National Park, Mahé","-4.666667","55.43333"
"M_PL_061_43","25","26","0.181","Pollination","1","Kaiser-Bunbury CN, Vázquez DP, Stang M, Ghazoul J. 2014. Determinants of the microstructure of plant-pollinator networks. Ecology, 95: 3314-3324.","Morne Seychellois National Park, Mahé","-4.666667","55.43333"
"M_PL_061_44","21","23","0.209","Pollination","1","Kaiser-Bunbury CN, Vázquez DP, Stang M, Ghazoul J. 2014. Determinants of the microstructure of plant-pollinator networks. Ecology, 95: 3314-3324.","Morne Seychellois National Park, Mahé","-4.666667","55.43333"
"M_PL_061_45","34","50","0.198","Pollination","1","Kaiser-Bunbury CN, Vázquez DP, Stang M, Ghazoul J. 2014. Determinants of the microstructure of plant-pollinator networks. Ecology, 95: 3314-3324.","Morne Seychellois National Park, Mahé","-4.666667","55.43333"
"M_PL_061_46","34","45","0.165","Pollination","1","Kaiser-Bunbury CN, Vázquez DP, Stang M, Ghazoul J. 2014. Determinants of the microstructure of plant-pollinator networks. Ecology, 95: 3314-3324.","Morne Seychellois National Park, Mahé","-4.666667","55.43333"
"M_PL_061_47","35","57","0.244","Pollination","1","Kaiser-Bunbury CN, Vázquez DP, Stang M, Ghazoul J. 2014. Determinants of the microstructure of plant-pollinator networks. Ecology, 95: 3314-3324.","Morne Seychellois National Park, Mahé","-4.666667","55.43333"
"M_PL_061_48","23","32","0.254","Pollination","1","Kaiser-Bunbury CN, Vázquez DP, Stang M, Ghazoul J. 2014. Determinants of the microstructure of plant-pollinator networks. Ecology, 95: 3314-3324.","Morne Seychellois National Park, Mahé","-4.666667","55.43333"
"M_PL_062","1500","15255","0.032","Pollination","0","Robertson, C. 1929. Flowers and insects: lists of visitors to four hundred and fifty-three flowers. Carlinville, IL, USA, C. Robertson.","Carlinville, Illinois, USA","39.278958","-89.8968771"
"M_PL_063","64","123","0.248","Pollination","1","Vizentin-Bugoni, J., P. K. Maruyama, V. J. Debastiani, L. S. Duarte, B. Dalsgaard & M. Sazima (2016). Influences of sampling effort on detected patterns and structuring processes of a Neotropical plant-hummingbird network. Journal of Animal Ecology 85: 262-272.","Santa Virginia Field Station, Serra do Mar State Park","-23.341667","-45.116667"
"M_PL_064","22","32","0.286","Pollination","1","Abreu, C.R.M. & Vieira, M.F. (2004) Os beija-flores e seus recursos florais em um fragmento florestal de Viçosa, sudeste brasileiro. Lundiana, 5, 129–134.","Reserva Florestal Mata do Paraíso, Brazil","-20.75","-42.92"
"M_PL_065","26","44","0.419","Pollination","1","Arizmendi, M.C. & Ornelas, J.F. (1990) Hummingbirds and their floral resources in a tropical dry forest inforest, in Mexico. Biotropica, 22, 172–180.","Estacion de Biologia Chamela, Jalisco","19.5","-105.05"
"M_PL_066","36","73","0.471","Pollination","1","Canela, M.B.F. (2006) Interações entre plantas e beija-flores numa comunidade de floresta atlântica montana em Itatiaia, RJ. Ph.D thesis. Universidade Estadual de Campinas, Brazil.","Serra da Mantiqueira, PNI, SE Brazil","-22.5","-44.83"
"M_PL_067","36","59","0.263","Pollination","1","Las Casas, F.M.G., Azevedo Júnior, S.M. & Dias Filho, M.M. (2012) The community of hummingbirds
(Aves: Trochilidae) and the assemblage of flowers in a Caatinga vegetation. Brazilian Journal of Biology,
72, 51–58.","Serra do Pará, Brazil","-7.87","-36.4"
"M_PL_068","40","83","0.297","Pollination","1","Gutierrez Zamora, E.A. & Rojas Nossa, S.V. (2001) Dinámica anual de la interacción colibrí-flor en ecosistemas altoandinos del volcán Galeras, Sur de Colombia. BSc. Thesis. Universidad Nacional de Colombia, Colombia.","Santuario de Flora y Fauna Galeras","1.25","-77.43"
"M_PL_069_01","24","29","0.269","Pollination","1","Kohler, G. (2011) Redes de interação planta-beija-flor em um gradiente altitudinal de Floresta Atlântica no Sul do Brasil. MSc. Thesis. Universidade Federal do Paraná, Brazil.","Atlantic Forest, low elevation","-27.27","-49.01"
"M_PL_069_02","14","16","0.4","Pollination","1","Kohler, G. (2011) Redes de interação planta-beija-flor em um gradiente altitudinal de Floresta Atlântica no Sul do Brasil. MSc. Thesis. Universidade Federal do Paraná, Brazil.","Atlantic Forest, mid elevation","-27.26","-49.02"
"M_PL_069_03","11","15","0.536","Pollination","1","Kohler, G. (2011) Redes de interação planta-beija-flor em um gradiente altitudinal de Floresta Atlântica no Sul do Brasil. MSc. Thesis. Universidade Federal do Paraná, Brazil.","Atlantic Forest, high elevation","-27.26","-49.02"
"M_PL_070","16","41","0.641","Pollination","1","Lara, C. (2006) Temporal dynamics of flower use by hummingbirds in a highland temperate forest in México. Ecoscience, 13, 23–29.","Highland temperate mosaic forest, Central Mexico","19.23","-98.97"
"M_PL_071","52","89","0.253","Pollination","1","Rosero, L. (2003) Interações planta/beija-flor em três comunidades vegetais da parte sul do Parque Nacional Natural Chiribiquete, Amazonas (Colombia). Ph.D. Thesis. Universidade Estadual de Campinas, Brazil","Rainforest, Colombia","0.04","-72.27"
"M_PL_072_01","106","188","0.072","Pollination","0","Sabatino M., Maceira N., Aizen A. M. (2010) Direct effects of habitat area on interaction diversity in pollination webs. Ecological Applications, 20(6), pp. 1491–1497","Amarante, Pampas, Argentina","-37.842015","-58.35858"
"M_PL_072_02","96","171","0.082","Pollination","0","Sabatino M., Maceira N., Aizen A. M. (2010) Direct effects of habitat area on interaction diversity in pollination webs. Ecological Applications, 20(6), pp. 1491–1497","Cinco Cerros, Pampas, Argentina","-37.739035","-58.23155"
"M_PL_072_03","117","241","0.08","Pollination","0","Sabatino M., Maceira N., Aizen A. M. (2010) Direct effects of habitat area on interaction diversity in pollination webs. Ecological Applications, 20(6), pp. 1491–1497","Difuntito, Pampas, Argentina","-37.757207","-58.248482"
"M_PL_072_04","94","192","0.111","Pollination","0","Sabatino M., Maceira N., Aizen A. M. (2010) Direct effects of habitat area on interaction diversity in pollination webs. Ecological Applications, 20(6), pp. 1491–1497","Difuntos, Pampas, Argentina","-37.885354","-57.841955"
"M_PL_072_05","84","138","0.121","Pollination","0","Sabatino M., Maceira N., Aizen A. M. (2010) Direct effects of habitat area on interaction diversity in pollination webs. Ecological Applications, 20(6), pp. 1491–1497","El Morro, Pampas, Argentina","-37.738483","-58.433472"
"M_SD_001","28","50","0.34","Seed Dispersal","1","Baird, J.W. 1980. The selection and use of fruit by birds in an eastern forest. Wilson Bulletin 92: 63-73.","Princeton, Mercer, New Jersey, USA","40.331926","-74.666728"
"M_SD_002","40","119","0.427","Seed Dispersal","1","Beehler, B. 1983. Frugivory and polygamy in birds of paradise. Auk, 100: 1-12.","Mount Missim, Morobe Prov., New Guinea","-7.266667","146.7"
"M_SD_003","41","68","0.17","Seed Dispersal","1","Carlo et al. (2003) Avian fruit preferences across a Puerto Rican forested landscape: pattern consistency and implications for seed removal. Oecologia 134: 119-131","Caguana, Puerto Rico","18.296944","-66.781944"
"M_SD_004","54","95","0.14","Seed Dispersal","1","Carlo et al. (2003) Avian fruit preferences across a Puerto Rican forested landscape: pattern consistency and implications for seed removal. Oecologia 134: 119-131","Cialitos, Puerto Rico","18.258333","-66.535556"
"M_SD_005","38","49","0.151","Seed Dispersal","1","Carlo et al. (2003) Avian fruit preferences across a Puerto Rican forested landscape: pattern consistency and implications for seed removal. Oecologia 134: 119-131","Cordillera, Puerto Rico","18.1725","-66.591944"
"M_SD_006","36","51","0.162","Seed Dispersal","1","Carlo et al. (2003) Avian fruit preferences across a Puerto Rican forested landscape: pattern consistency and implications for seed removal. Oecologia 134: 119-131","Fronton, Puerto Rico","18.308333","-66.558611"
"M_SD_007","79","143","0.284","Seed Dispersal","0","Crome, F.H.J. 1975. The ecology of fruit pigeons in tropical Northern Queensland. Australian Journal of Wildlife Research, 2: 155-185.","Tropical rainforest. Queensland, Australia.","-17.85","146.083333"
"M_SD_008","26","110","0.688","Seed Dispersal","1","Frost, P.G.H. 1980. Fruit-frugivore interactions in a South African coastal dune forest. Pages 1179-1184 in: R. Noring (ed.). Acta XVII Congresus Internationalis Ornithologici, Deutsches Ornithologische Gessenshaft, Berlin.","Mtunzini, South Africa","-28.95","31.75"
"M_SD_009","25","38","0.302","Seed Dispersal","1","Galetti, M., Pizo, M.A. 1996. Fruit eating birds in a forest fragment in southeastern Brazil. Ararajuba, Revista Brasileira de Ornitologia, 4: 71-79.","Santa Genebra Reserve T1. SE Brazil","-22.816667","-47.1"
"M_SD_010","64","234","0.334","Seed Dispersal","1","Snow, B.K., Snow, D.W. 1971. The feeding ecology of tanagers and honeycreepers in Trinidad. Auk, 88: 291-322.","Tropical rainforest. Trinidad.","10.716667","-61.3"
"M_SD_011","25","47","0.305","Seed Dispersal","0","Snow B.K. & Snow D.W. (1988) Birds and berries, Calton, England.","Calton, Great Britain","53.056889","-1.851371"
"M_SD_012","64","146","0.144","Seed Dispersal","1","Galetti, M., Pizo, M.A. 1996. Fruit eating birds in a forest fragment in southeastern Brazil. Ararajuba, Revista Brasileira de Ornitologia, 4: 71-79.","Santa Genebra Reserve T2. SE Brazil","-22.816667","-47.1"
"M_SD_013","55","197","0.288","Seed Dispersal","0","Hammann, A. & Curio, B. (1999) Interactions among frugivores and fleshy fruit trees in a Philippine submontane rainforest.","North Negros Forest Reserve, Central Philippi","10.683333","123.183333"
"M_SD_014","33","121","0.445","Seed Dispersal","0","Jordano P. (1985) El ciclo anual de los paseriformes frugívoros en el matorral mediterráneo del sur de España: importancia de su invernada y variaciones interanuales. Ardeola, 32, 69-94.","Hato Ratón, Sevilla. Spain","37.180449","-6.324044"
"M_SD_015","32","86","0.637","Seed Dispersal","0","Kantak, G.E. 1979. Observations on some fruit-eating birds in Mexico. Auk, 96: 183-186.","Campeche state, Mexico","18.506978","-89.486184"
"M_SD_016","85","500","0.342","Seed Dispersal","0","Lambert F. (1989). Fig-eating by birds in a Malaysian lowland rain forest. J. Trop. Ecol., 5, 401-412.","Kuala Lompat, Krau Game Reserve.","3.716667","102.283333"
"M_SD_017","24","72","0.562","Seed Dispersal","0","Tutin, C.E.G., Ham, R.M., White, L.J.T., Harrison, M.J.S. 1997. The primate community of the Lopé Reserve, Gabon: diets, responses to fruit scarcity, and effects on biomass. American Journal of Primatology, 42: 1-24.","Gabon, Africa","0.166667","11.583333"
"M_SD_018","61","66","0.071","Seed Dispersal","0","Mack, AL and Wright, DD. (1996) Notes on occurrence and feeding of birds at Crater Mountain Biological Research Station, Papua New Guinea. Emu 96: 89-101. ","Crater Mountain Biological Research Station, ","-6.723333","145.093333"
"M_SD_019","209","666","0.099","Seed Dispersal","0","Wheelwright, N.T., Haber, W.A., Murray, K.G., Guindon, C. 1984. Tropical fruit-eating birds and their food plants: a survey of a Costa Rican lower montane forest. Biotropica, 16: 173-192.","Monteverde, Costa Rica ","10.3","-84.8"
"M_SD_020","58","150","0.182","Seed Dispersal","1","P. Jordano, unpubl.","Nava Correhuelas. S. Cazorla, SE Spain.","37.927466","-2.866349"
"M_SD_021","46","129","0.256","Seed Dispersal","0","P. Jordano, unpubl.","Nava Noguera, Sierra de Cazorla, SE Spain","37.9409","-2.792725"
"M_SD_022","317","1121","0.049","Seed Dispersal","0","Silva, W.R., P. De Marco, E. Hasui, and V.S.M. Gomes (2002) Patterns of fruit-frugivores interactions in two Atlantic Forest bird communities of South-eastern Brazil: implications for conservation. Pp. 423-435. In: D.J. Levey, W.R. Silva and M. Galetti (eds.) Seed dispersal and frugivory: ecology, evolution and conservation. Wallinford: CAB International.","Intervales and Saibadela, São Paulo, Brazil","-24.265278","-48.406944"
"M_SD_023","23","38","0.317","Seed Dispersal","1","Noma, N. 1997. Annual fluctuations of sapfruits production and synchronization within and inter species in a warm temperate forest on Yakushima Island, Japan. Tropics, 6: 441-449.","Yakushima Island, Japan","30.333333","130.5"
"M_SD_024","19","40","0.476","Seed Dispersal","0","Guitián, J. (1983). Relaciones entre los frutos y los passeriformes en un bosque montano de la cordillera cantábrica occidental. PhD Thesis, Univ. Santiago, Spain.","NW Spain temperte forest","",""
"M_SD_025","13","22","0.524","Seed Dispersal","0","Sorensen 1981","england","51.766667","-1.333333"
"M_SD_026","6","6","0.667","Seed Dispersal","0","Data unpublished, however see Jordano 1993","Campos de Otero, Sierra Nevada","37.107992","-3.385732"
"M_SD_027","16","31","0.646","Seed Dispersal","0","Data unpublished, however see Jordano 1993","Cañada de las Sabinas, Nava de las Correhuelas, Sierra de Cazorla","37.927466","-2.866349"
"M_SD_028","13","26","0.65","Seed Dispersal","0","Data unpublished, however see Jordano 1993","Cañada Travina, Sierra de Cazorla","38.083333","-2.75"
"M_SD_029","9","10","0.5","Seed Dispersal","0","Data unpublished, however see Jordano 1993","Sabinar del Marqués, Reserva de la Estación Biológica de Doñana","37.022627","-6.545233"
"M_SD_030","9","11","0.55","Seed Dispersal","0","Data unpublished, however see Jordano 1993","Santa Bárbara, Sierra de Baza","37.380506","-2.841994"
"M_SD_031","49","76","0.232","Seed Dispersal","1","Heleno Ruben H., Ramos Jaime A., Memmott Jane (2013). Integration of exotic seeds into an Azorean seed dispersal network. Biological Invasions. 15, 5, 1143-1154. ","Serra da Tronqueira","37.795017","-25.185375"
"M_SD_032","23","33","0.434","Seed Dispersal","1","Poulin, Brigitte, S. Joseph Wright, Gaetan Lefebvre, and Osvaldo Calderon (1999) Interspecific synchrony and asynchrony in the fruiting phenologies of congeneric bird-dispersed plants in Panama. Journal of Tropical Ecology 15: 213-227.","Barro Colorado Island","9.15","-79.85"
"M_SD_033","24","53","0.371","Seed Dispersal","1","Poulin, Brigitte, S. Joseph Wright, Gaetan Lefebvre, and Osvaldo Calderon (1999) Interspecific synchrony and asynchrony in the fruiting phenologies of congeneric bird-dispersed plants in Panama. Journal of Tropical Ecology 15: 213-227.","Soberanía National Park","9.166667","-79.116667"
"M_SD_034","121","419","0.139","Seed Dispersal","1","Matthias Schleuning, Nico Blüthgen, Martina Flörchinger, Julius Braun, H. Martin Schaefer, Katrin Böhning-Gaese, (2011). Specialization and interaction strength in a tropical plant-frugivore network differ among forest strata. Ecology, 92(1): 26-36.","Kakamega Forest, Kenya","0.295833","34.786111"
