,level_0,index,PSCID,Protein Name,Free form,Bound form,Ligands,Classification(?),motion_type,Free PDB,Free Chains,Bound PDB,Bound Chains
0,0,0,CD.1,HYPOTHETICAL OXIDOREDUCTASE YIAK,1nxu_AB,1s20_AB,"2xNAD,2xTLA",200004,coupled_domain_motion,1nxu,AB,1s20,AB
1,1,1,CD.2,ADENYLATE KINASE,4ake_A,2eck_A,"ADP,AMP",200003,coupled_domain_motion,4ake,A,2eck,A
2,2,2,CD.3,GLUCOKINASE,1q18_AB,1sz2_AB,2xBGC,200003,coupled_domain_motion,1q18,AB,1sz2,AB
3,3,3,CD.4,LACTOFERRIN,1lfh_A,1lfi_A,"2xCU,2xNAG",110103,coupled_domain_motion,1lfh,A,1lfi,A
4,4,4,CD.5,ELONGATION FACTOR 2,1n0v_D,1n0u_A,SO1,110002,coupled_domain_motion,1n0v,D,1n0u,A
5,5,5,CD.6,CITRATE SYNTHASE,5csc_AB,6cts_AA,2xCIC,102001,coupled_domain_motion,5csc,AB,6cts,AA
6,6,6,CD.7,ARACHIDONATE 15-LIPOXYGENASE,2p0m_A,2p0m_B,RS7,101201,coupled_domain_motion,2p0m,A,2p0m,B
7,7,7,CD.8,SUCROSE HYDROLASE,3cze_A,3czk_A,SUC,101201,coupled_domain_motion,3cze,A,3czk,A
8,8,8,CD.9,3-PHOSPHOSHIKIMATE 1-CARBOXYVINYLTRANSFERASE,2bjb_A,2o0d_A,S3P,101101,coupled_domain_motion,2bjb,A,2o0d,A
9,9,9,CD.10,"ALPHA-2,3/2,6-SIALYLTRANSFERASE/SIALIDASE",2ex0_B,2ihz_A,"CSF,LBT",101101,coupled_domain_motion,2ex0,B,2ihz,A
10,10,10,CD.11,PHOSPHOENOLPYRUVATE CARBOXYKINASE,1oen_A,2olr_A,"ATP,MG",101101,coupled_domain_motion,1oen,A,2olr,A
11,11,11,CD.12,INOSINE TRIPHOSPHATE PYROPHOSPHATASE,2car_AB,2j4e_AB,2xITT,101101,coupled_domain_motion,2car,AB,2j4e,AB
12,12,12,CD.13,OROTATE PHOSPHORIBOSYLTRANSFERASE 1,2pry_AA,2prz_CD,2xOMP,101002,coupled_domain_motion,2pry,AA,2prz,CD
13,13,13,CD.14,TRYPTOPHAN-TRNA LIGASE,1d2r_AD,1m83_AA,2xATP,101001,coupled_domain_motion,1d2r,AD,1m83,AA
14,14,14,CD.15,3-PHOSPHOSHIKIMATE 1-CARBOXYVINYLTRANSFERASE,2gg4_A,2pqc_A,RC1,101001,coupled_domain_motion,2gg4,A,2pqc,A
15,15,15,CD.16,DIAMINOPIMELATE EPIMERASE,1gqz_A,2gke_A,ZDP,101001,coupled_domain_motion,1gqz,A,2gke,A
16,16,16,CD.17,PHOSPHATE ACETYLTRANSFERASE,1qzt_AB,2af3_CD,3xCOA,101001,coupled_domain_motion,1qzt,AB,2af3,CD
17,17,17,CD.18,PEROXISOMAL HYDRATASE-DEHYDROGENASE-EPIMERASE,1pn2_AB,1pn4_AB,2xHDC,101001,coupled_domain_motion,1pn2,AB,1pn4,AB
18,18,18,CD.19,SUCCINYL-COA:3-KETOACID-COENZYME A TRANSFERASE 1,2nrb_AB,1o9l_AB,EMT,100302,coupled_domain_motion,2nrb,AB,1o9l,AB
19,19,19,CD.20,BISPHOSPHOGLYCERATE MUTASE,1t8p_AB,2h4z_AB,2xDG2,100103,coupled_domain_motion,1t8p,AB,2h4z,AB
20,20,20,CD.21,3-DEOXY-MANNO-OCTULOSONATE CYTIDYLYLTRANSFERASE,1vh3_C,1vh3_B,CMK,100102,coupled_domain_motion,1vh3,C,1vh3,B
21,21,21,CD.22,FOLYLPOLYGLUTAMATE SYNTHASE,2gca_A,1jbw_A,"ACQ,TMF",100102,coupled_domain_motion,2gca,A,1jbw,A
22,22,22,CD.23,14-3-3 PROTEIN SIGMA,1yz5_AB,1ywt_AB,"PEPT(MARSHYPA),CA",100102,coupled_domain_motion,1yz5,AB,1ywt,AB
23,23,23,CD.24,THREONYL-TRNA SYNTHETASE,1y2q_AA,2hl0_AA,2xA3S,100004,coupled_domain_motion,1y2q,AA,2hl0,AA
24,24,24,CD.25,HEXOKINASE,2e2n_AB,2e2o_AA,2xGLC,100003,coupled_domain_motion,2e2n,AB,2e2o,AA
25,25,25,CD.26,ISOCITRATE DEHYDROGENASE,1sjs_AA,1pb1_AA,2xICT,100003,coupled_domain_motion,1sjs,AA,1pb1,AA
26,26,26,CD.27,CROTONOBETAINYL-COA:CARNITINE COA-TRANSFERASE,1xk7_BC,1xvt_AA,2xCOA,100003,coupled_domain_motion,1xk7,BC,1xvt,AA
27,27,27,CD.28,FARNESYL DIPHOSPHATE SYNTHASE,2f7m_FF,2f8z_FF,"2xIPE,4xMG,2xZOL",100003,coupled_domain_motion,2f7m,FF,2f8z,FF
28,28,28,CD.29,PROGRAMMED CELL DEATH PROTEIN 6,2znd_AA,2zn9_AB,"12P,2PE,6xCA",100003,coupled_domain_motion,2znd,AA,2zn9,AB
29,29,29,CD.30,TYPE 2 MALATE/LACTATE DEHYDROGENASE,1x0a_AA,1vbi_AA,2xNAD,100003,coupled_domain_motion,1x0a,AA,1vbi,AA
30,30,30,CD.31,5'-NUCLEOTIDASE,1oid_B,1ho5_A,"ADN,2xMN",100002,coupled_domain_motion,1oid,B,1ho5,A
31,31,31,CD.32,UROPORPHYRINOGEN-III SYNTHASE,3d8r_A,3d8n_A,UP3,100002,coupled_domain_motion,3d8r,A,3d8n,A
32,32,32,CD.33,CHITIN OLIGOSACCHARIDE BINDING PROTEIN,1zty_A,1zu0_A,"CBS,MN",100002,coupled_domain_motion,1zty,A,1zu0,A
33,33,33,CD.34,LEU/ILE/VAL-BINDING PROTEIN,1z15_A,1z17_A,ILE,100002,coupled_domain_motion,1z15,A,1z17,A
34,34,34,CD.35,LACTOFERRIN,1l5t_A,1lct_A,FE,100002,coupled_domain_motion,1l5t,A,1lct,A
35,35,35,CD.36,"MALTOSE ABC TRANSPORTER, PERIPLASMIC MALTOSE- BINDING PROTEIN",2ghb_A,2gha_A,MLR,100002,coupled_domain_motion,2ghb,A,2gha,A
36,36,36,CD.37,ABC TYPE PERIPLASMIC SUGAR-BINDING PROTEIN,2uvg_A,2uvi_A,UNG,100002,coupled_domain_motion,2uvg,A,2uvi,A
37,37,37,CD.38,BIOTIN CARBOXYLASE,2c00_A,2vqd_A,"AP2,MG",100002,coupled_domain_motion,2c00,A,2vqd,A
38,38,38,CD.39,MALTOSE-BINDING PERIPLASMIC PROTEIN,1zkb_A,1jvy_A,MAL,100002,coupled_domain_motion,1zkb,A,1jvy,A
39,39,39,CD.40,GUANYLATE KINASE,1ex6_B,1gky_A,5GP,100002,coupled_domain_motion,1ex6,B,1gky,A
40,40,40,CD.41,"SUGAR ABC TRANSPORTER, PERIPLASMIC SUGAR-BINDING PROTEIN",3c6q_B,3c6q_D,XYP,100002,coupled_domain_motion,3c6q,B,3c6q,D
41,41,41,CD.42,TAGATOSE-6-PHOSPHATE KINASE,2q5r_AB,2jg1_BC,"2xANP,2xMG,TA6",100002,coupled_domain_motion,2q5r,AB,2jg1,BC
42,42,42,CD.43,ADENOSINE KINASE,1lio_A,1lii_A,"ACP,ADN",100002,coupled_domain_motion,1lio,A,1lii,A
44,44,44,CD.45,ALDOSE REDUCTASE,1xgd_A,1ef3_B,"FID,NAP",100002,coupled_domain_motion,1xgd,A,1ef3,B
45,45,45,CD.46,HYALURONATE LYASE,2brw_A,1ojp_A,"DGC,NG6",100002,coupled_domain_motion,2brw,A,1ojp,A
46,46,46,CD.47,DNA BETA-GLUCOSYLTRANSFERASE,1jej_A,1qkj_A,UDP,100002,coupled_domain_motion,1jej,A,1qkj,A
47,47,47,CD.48,L-RHAMNULOSE KINASE,2cgk_B,2uyt_A,"ADP,LRH",100002,coupled_domain_motion,2cgk,B,2uyt,A
48,48,48,CD.49,PHOSPHORIBOSYLAMINOIMIDAZOLE-SUCCINOCARBOXAMIDE SYNTHASE,1a48_A,2cnq_A,"2xADP,2xAMZ,2xSIN",100002,coupled_domain_motion,1a48,A,2cnq,A
49,49,49,CD.50,"SACCHAROPINE DEHYDROGENASE, NAD+, L-LYSINE- FORMING",2qrj_A,2qrl_A,OGA,100002,coupled_domain_motion,2qrj,A,2qrl,A
50,50,50,CD.51,"CAMP AND CAMP-INHIBITED CGMP 3',5'-CYCLIC PHOSPHODIESTERASE 10A",2ous_B,2ouu_A,"2x35G,MG",100002,coupled_domain_motion,2ous,B,2ouu,A
51,51,51,CD.52,HOMOSERINE KINASE,1fwl_AB,1h72_CC,"2xANP,2xHSE",100002,coupled_domain_motion,1fwl,AB,1h72,CC
52,52,52,CD.53,FARNESYL PYROPHOSPHATE SYNTHASE,1yhk_AA,1yhm_AB,"2xAHD,2xIPR,5xMG",100002,coupled_domain_motion,1yhk,AA,1yhm,AB
53,53,53,CD.54,FK506 BINDING PROTEIN,1eym_A,1j4r_A,1,100002,coupled_domain_motion,1eym,A,1j4r,A
54,54,54,CD.55,PHOSPHORIBOSYLGLYCINAMIDE FORMYLTRANSFERASE,1meo_A,1rby_A,"GAR,KEU",100002,coupled_domain_motion,1meo,A,1rby,A
55,55,55,CD.56,GLYOXYLATE REDUCTASE/HYDROXYPYRUVATE REDUCTASE,2q50_CD,2gcg_CD,"DGY,2xNDP",100002,coupled_domain_motion,2q50,CD,2gcg,CD
56,56,56,CD.57,TRICHODIENE SYNTHASE,1yj4_AB,1yyr_AB,"2xMG,POP,2xSAZ",100002,coupled_domain_motion,1yj4,AB,1yyr,AB
57,57,57,CD.58,HYALURONIDASE,2cbi_A,2j62_A,2xGSZ,100002,coupled_domain_motion,2cbi,A,2j62,A
58,58,58,CD.59,"5,10-METHENYLTETRAHYDROFOLATE SYNTHETASE",1sbq_B,1u3g_A,"ADP,MG,THF",100002,coupled_domain_motion,1sbq,B,1u3g,A
59,59,0,ID.1,TRANSLATION INITIATION FACTOR IF2/EIF5B,1g7r_A,1g7t_A,GNP,21200,independent_domain_motion,1g7r,A,1g7t,A
60,60,1,ID.2,LYSYL-TRNA SYNTHETASE,1bbw_AA,1bbu_AA,2xLYS,20102,independent_domain_motion,1bbw,AA,1bbu,AA
61,61,2,ID.3,HISTIDYL-TRNA SYNTHETASE,1h4v_BB,1ady_AB,2xHAM,13400,independent_domain_motion,1h4v,BB,1ady,AB
62,62,3,ID.4,PENICILLIN-BINDING PROTEIN 2,2olu_A,2olv_A,M0E,12000,independent_domain_motion,2olu,A,2olv,A
63,63,4,ID.5,TETRACYCLINE REPRESSOR PROTEIN,2ns7_AB,2ns8_CD,"PEPT(WTWNAYAFAAPS),PEPT(WTWNAYAFAAP)",12000,independent_domain_motion,2ns7,AB,2ns8,CD
64,64,5,ID.6,ANTHRANILATE PHOSPHORIBOSYLTRANSFERASE,1o17_BC,1zxy_AD,"4xMG,2xPRP",12000,independent_domain_motion,1o17,BC,1zxy,AD
65,66,7,ID.8,ACETYL TRANSFERASE,1z9u_AB,1s7n_AB,2xCOA,11101,independent_domain_motion,1z9u,AB,1s7n,AB
66,67,8,ID.9,235AA LONG HYPOTHETICAL BIOTIN--[ACETYL-COA-CARBOXYLASE] LIGASE,2hni_AB,2dth_AB,"2xADP,2xBTN",11101,independent_domain_motion,2hni,AB,2dth,AB
67,68,9,ID.10,UDP-N-ACETYLMURAMOYL-L-ALANINE:D-GLUTAMATE LIGASE,1e0d_A,1eeh_A,UMA,11100,independent_domain_motion,1e0d,A,1eeh,A
68,69,10,ID.11,SUCCINYLARGININE DIHYDROLASE,1ynf_CE,1ynh_AD,2xSUO,11010,independent_domain_motion,1ynf,CE,1ynh,AD
69,70,11,ID.12,2-C-METHYL-D-ERYTHRITOL 4-PHOSPHATE CYTIDYLYLTRANSFERASE,1vgt_AB,1i52_AA,2xCTP,11001,independent_domain_motion,1vgt,AB,1i52,AA
70,71,12,ID.13,RIBOSOMAL PROTEIN L11 METHYLTRANSFERASE,2nxc_A,2nxe_A,SAM,11000,independent_domain_motion,2nxc,A,2nxe,A
71,72,13,ID.14,"NICOTINAMIDE NUCLEOTIDE TRANSHYDROGENASE, SUBUNIT ALPHA 1",1l7d_CD,1l7e_AB,NAI,11000,independent_domain_motion,1l7d,CD,1l7e,AB
72,73,14,ID.15,REGULATOR OF NONSENSE TRANSCRIPTS 1,2gk7_A,2gk6_A,ADP,10702,independent_domain_motion,2gk7,A,2gk6,A
73,74,15,ID.16,MYOSIN II HEAVY CHAIN,1fmv_A,1w9j_A,ADP,10501,independent_domain_motion,1fmv,A,1w9j,A
74,75,16,ID.17,LIPOPOLYSACCHARIDE HEPTOSYLTRANSFERASE-1,2gt1_A,2h1f_B,ADP,10302,independent_domain_motion,2gt1,A,2h1f,B
75,77,18,ID.19,POLY(A) POLYMERASE,2o1p_A,2hhp_A,2xFLC,10202,independent_domain_motion,2o1p,A,2hhp,A
76,78,19,ID.20,INOSITOL-TRISPHOSPHATE 3-KINASE A,1w2f_A,1w2d_B,"4IP,ADP",10202,independent_domain_motion,1w2f,A,1w2d,B
77,79,20,ID.21,TRANSPORTIN-1,2qmr_D,2z5k_A,PEPT(PRVRYNPYTTRP),10201,independent_domain_motion,2qmr,D,2z5k,A
78,80,21,ID.22,GELSOLIN,2fh4_B,1p8x_C,3xCA,10111,independent_domain_motion,2fh4,B,1p8x,C
79,81,22,ID.23,TRANSCRIPTIONAL REPRESSOR SMTB,1smt_AB,1r22_AB,2xZN,10110,independent_domain_motion,1smt,AB,1r22,AB
80,82,23,ID.24,INTERFERON-INDUCIBLE GTPASE,1tqd_A,1tq6_A,"GNP,MG",10102,independent_domain_motion,1tqd,A,1tq6,A
81,83,24,ID.25,ADENOSINE KINASE,2pkf_BB,2pkn_AA,2xACP,10102,independent_domain_motion,2pkf,BB,2pkn,AA
82,84,25,ID.26,FERRIPYOVERDINE RECEPTOR,2o5p_B,2iah_A,PVD,10101,independent_domain_motion,2o5p,B,2iah,A
83,85,26,ID.27,MALTOSE-BINDING PROTEIN MONOBODY YS1 FUSION,3csg_A,3csb_A,"1PE,MN,PG4,PGE",10101,independent_domain_motion,3csg,A,3csb,A
84,86,27,ID.28,JUMONJI DOMAIN-CONTAINING PROTEIN 2A,2gf7_C,2gfa_B,2xPEPT(ARTKQTA),10101,independent_domain_motion,2gf7,C,2gfa,B
85,87,28,ID.29,DERMONECROTIC TOXIN,2ec5_A,2ebf_X,2xTRE,10101,independent_domain_motion,2ec5,A,2ebf,X
86,88,29,ID.30,PHENYLALANINE-4-HYDROXYLASE,1j8t_AA,1mmt_AA,"2xH4B,2xNLE",10020,independent_domain_motion,1j8t,AA,1mmt,AA
87,89,30,ID.31,CELL DIVISION PROTEIN FTSA,1e4f_T,1e4g_T,ATP,10010,independent_domain_motion,1e4f,T,1e4g,T
88,90,31,ID.32,HIGH-AFFINITY ZINC UPTAKE SYSTEM PROTEIN ZNUA,2ps3_A,2ps0_A,ZN,10010,independent_domain_motion,2ps3,A,2ps0,A
89,91,32,ID.33,"2,4-DIENOYL-COA REDUCTASE",1gu7_AB,1guf_AB,2xNDP,10004,independent_domain_motion,1gu7,AB,1guf,AB
90,92,33,ID.34,BETA NERVE GROWTH FACTOR,1bet_AA,1btg_BC,2xZN,10003,independent_domain_motion,1bet,AA,1btg,BC
91,93,34,ID.35,"RIBONUCLEASE, SEMINAL",1r5d_AB,1tq9_AB,2xCPA,10002,independent_domain_motion,1r5d,AB,1tq9,AB
92,95,36,ID.37,TRANSCRIPTIONAL REGULATOR MNTR,2hyg_DD,2f5f_AB,4xMN,10002,independent_domain_motion,2hyg,DD,2f5f,AB
93,96,37,ID.38,SIALIDASE,1eut_A,1w8n_A,"DAN,GAL",10002,independent_domain_motion,1eut,A,1w8n,A
94,97,38,ID.39,EOSINOPHIL CATIONIC PROTEIN,1qmt_A,1dyt_A,2xCIT,10002,independent_domain_motion,1qmt,A,1dyt,A
95,98,39,ID.40,URACIL-DNA GLYCOSYLASE,3eug_A,1flz_A,URA,10002,independent_domain_motion,3eug,A,1flz,A
96,99,40,ID.41,PUTATIVE SAM-DEPENDENT RNA METHYLTRANSFERASE,1wxx_CD,2cww_BB,2xSAH,10002,independent_domain_motion,1wxx,CD,2cww,BB
97,100,41,ID.42,ENDODEOXYRIBONUCLEASE I,1fzr_CD,1m0d_AB,2xMN,10002,independent_domain_motion,1fzr,CD,1m0d,AB
98,101,42,ID.43,CHITINASE B,1ogb_AB,1w1y_AB,7xTYP,10002,independent_domain_motion,1ogb,AB,1w1y,AB
99,102,43,ID.44,GLUCOSE 6-PHOSPHATE DEHYDROGENASE,1dpg_AB,2dpg_AA,2xNAP,10002,independent_domain_motion,1dpg,AB,2dpg,AA
100,103,44,ID.45,ADP-RIBOSYL CYCLASE,1r0s_AB,1r15_AB,"4xNCA,2xROB",10002,independent_domain_motion,1r0s,AB,1r15,AB
101,104,45,ID.46,GLUTAMYL-TRNA SYNTHETASE,2cfo_B,2cfo_A,GLU,10002,independent_domain_motion,2cfo,B,2cfo,A
102,105,46,ID.47,DIPEPTIDYL PEPTIDASE IV,2i78_CD,1u8e_AB,"11xNAG,5xNDG",10002,independent_domain_motion,2i78,CD,1u8e,AB
103,106,47,ID.48,FOLLISTATIN,1lr9_A,1lr8_A,IHS,10002,independent_domain_motion,1lr9,A,1lr8,A
104,107,48,ID.49,IMMUNOGLOBULIN LAMBDA DIMER MCG (LIGHT CHAIN),1dcl_AB,1mcs_AB,2xPEPT(QFHP),10001,independent_domain_motion,1dcl,AB,1mcs,AB
105,108,49,ID.50,GROWTH FACTOR RECEPTOR-BOUND PROTEIN 2,1jyu_A,1jyr_A,PEPT(APSYVNVQN),10001,independent_domain_motion,1jyu,A,1jyr,A
106,109,50,ID.51,CYANOVIRIN-N,3ezm_AA,1l5b_AB,NHE,10001,independent_domain_motion,3ezm,AA,1l5b,AB
107,110,51,ID.52,SECRETED EFFECTOR PROTEIN,2qza_A,2qyu_A,B3P,10001,independent_domain_motion,2qza,A,2qyu,A
108,111,52,ID.53,PHOSPHOGLYCERATE KINASE 1,3c3b_A,2zgv_A,ADP,10001,independent_domain_motion,3c3b,A,2zgv,A
109,112,53,ID.54,DNAD-LIKE REPLICATION PROTEIN,2zc2_A,2zc2_B,ZN,10001,independent_domain_motion,2zc2,A,2zc2,B
110,113,54,ID.55,SIGNAL RECOGNITION PARTICLE 43 KDA PROTEIN,3deo_A,3dep_A,PEPT(YPGGSFDPLGLA),10001,independent_domain_motion,3deo,A,3dep,A
111,114,55,ID.56,PECTATE LYASE,2v8i_A,2v8j_A,MN,10001,independent_domain_motion,2v8i,A,2v8j,A
112,115,56,ID.57,JAGGED-1,2vj2_A,2vj2_B,MLT,10001,independent_domain_motion,2vj2,A,2vj2,B
113,116,57,ID.58,HYPOTHETICAL PROTEIN,1rki_A,1rki_B,P6G,10001,independent_domain_motion,1rki,A,1rki,B
114,117,58,ID.59,CHITINASE A,3b8s_B,3b9d_A,4xNAG,10001,independent_domain_motion,3b8s,B,3b9d,A
115,118,59,ID.60,PSEUDECIN,2ddb_A,2epf_D,ZN,10001,independent_domain_motion,2ddb,A,2epf,D
116,119,60,ID.61,"ABC TRANSPORTER, ATP BINDING PROTEIN",1oxs_C,1oxu_C,ADP,10001,independent_domain_motion,1oxs,C,1oxu,C
117,120,61,ID.62,EXOPOLYPHOSPHATASE,2j4r_B,1t6c_A,CA,10001,independent_domain_motion,2j4r,B,1t6c,A
118,121,62,ID.63,REPLICASE POLYPROTEIN 1AB (PP1AB),1uk2_AB,2z3c_AA,"2xPEPT(VTL),2xECQ",10001,independent_domain_motion,1uk2,AB,2z3c,AA
119,122,63,ID.64,FLAGELLUM-SPECIFIC ATP SYNTHASE,2dpy_A,2dpy_B,ADP,10001,independent_domain_motion,2dpy,A,2dpy,B
120,123,64,ID.65,URE2 PROTEIN,1g6y_AB,1jzr_CD,GTT,10001,independent_domain_motion,1g6y,AB,1jzr,CD
121,124,65,ID.66,DATP PYROPHOSPHOHYDROLASE,2o1c_D,2o1c_A,PPV,10001,independent_domain_motion,2o1c,D,2o1c,A
122,125,66,ID.67,OUTER PROTEIN YOPM,1g9u_A,1jl5_A,2xCA,10001,independent_domain_motion,1g9u,A,1jl5,A
123,126,67,ID.68,DNA HELICASE UVSW,1rif_A,1rif_B,MG,10001,independent_domain_motion,1rif,A,1rif,B
124,127,68,ID.69,LETHAL(3)MALIGNANT BRAIN TUMOR-LIKE PROTEIN,2rjc_B,2rhu_A,PG4,10001,independent_domain_motion,2rjc,B,2rhu,A
125,128,69,ID.70,LECTIN-D2,1uln_A,1uha_A,CA,10001,independent_domain_motion,1uln,A,1uha,A
126,129,0,CL.1,CAPSID PROTEIN P40,1wpo_AB,1njt_AB,2xPEPT(VDNA),3000,coupled_local_motion,1wpo,AB,1njt,AB
127,130,1,CL.2,GTPASE/ATPASE,2qm8_AB,2qm7_AB,2xGDP,2400,coupled_local_motion,2qm8,AB,2qm7,AB
128,131,2,CL.3,PROTEIN-ARGININE DEIMINASE TYPE IV,1wd8_AA,1wd9_AA,8xCA,2300,coupled_local_motion,1wd8,AA,1wd9,AA
129,132,3,CL.4,INTERFERON-INDUCED GUANYLATE-BINDING PROTEIN 1,1dg3_A,1f5n_A,"GNP,MG",2200,coupled_local_motion,1dg3,A,1f5n,A
130,133,4,CL.5,ENOLASE,3enl_AA,2one_AB,"2PG,2xMG,PEP",2100,coupled_local_motion,3enl,AA,2one,AB
131,134,5,CL.6,PHOSPHORIBOSYLFORMYLGLYCINAMIDINE SYNTHASE II,1vk3_A,2hs4_A,"ACP,FGR,2xMG",2100,coupled_local_motion,1vk3,A,2hs4,A
132,135,6,CL.7,PYRUVATE DEHYDROGENASE E1 COMPONENT,2g67_AB,2g25_AB,"2xMG,2xTDK",2100,coupled_local_motion,2g67,AB,2g25,AB
133,136,7,CL.8,SPERMIDINE SYNTHASE,3bwb_AB,3bwc_AB,2xSAM,2100,coupled_local_motion,3bwb,AB,3bwc,AB
134,137,8,CL.9,"BETA-1,4-XYLOGLUCAN HYDROLASE",2cn2_C,2cn3_A,"5xBGC,CA,GLC,4xXYS",2001,coupled_local_motion,2cn2,C,2cn3,A
135,138,9,CL.10,PHOSPHOTYROSINE PROTEIN PHOSPHATASE PTPB,1ywf_A,2oz5_B,2x7XY,2000,coupled_local_motion,1ywf,A,2oz5,B
136,139,10,CL.11,ESTROGEN-RELATED RECEPTOR GAMMA,2gp7_CD,2gpu_AA,2xOHT,2000,coupled_local_motion,2gp7,CD,2gpu,AA
137,140,11,CL.12,CYCLOPROPANE-FATTY-ACYL-PHOSPHOLIPID SYNTHASE 1,1kp9_A,1kph_C,"10A,SAH",2000,coupled_local_motion,1kp9,A,1kph,C
138,141,12,CL.13,HEME-DEGRADING MONOOXYGENASE ISDI,1sqe_AB,2zdp_AB,2xCOH,2000,coupled_local_motion,1sqe,AB,2zdp,AB
139,142,13,CL.14,"PROTEIN-TYROSINE PHOSPHATASE, NON-RECEPTOR TYPE 1",1pa1_A,1t48_A,BB3,2000,coupled_local_motion,1pa1,A,1t48,A
140,143,14,CL.15,SIALIDASE 2,1so7_A,1vcu_B,DAN,2000,coupled_local_motion,1so7,A,1vcu,B
141,144,15,CL.16,DIBENZOTHIOPHENE DESULFURIZATION ENZYME B,2de2_A,2de3_B,OBP,2000,coupled_local_motion,2de2,A,2de3,B
142,145,16,CL.17,NAD-DEPENDENT FORMATE DEHYDROGENASE,2go1_AA,2nad_AB,2xNAD,2000,coupled_local_motion,2go1,AA,2nad,AB
143,146,17,CL.18,PYRROLYSYL-TRNA SYNTHETASE,2e3c_AA,2zim_AA,"2xPOP,2xYLY",2000,coupled_local_motion,2e3c,AA,2zim,AA
144,147,18,CL.19,HEME OXYGENASE 1,1irm_C,2dy5_A,"224,HEM",2000,coupled_local_motion,1irm,C,2dy5,A
145,148,19,CL.20,CYANOBACTERIAL PHYCOERYTHROBILIN,2vcl_A,2vck_B,BLA,2000,coupled_local_motion,2vcl,A,2vck,B
146,149,20,CL.21,PYRUVATE DEHYDROGENASE KINASE ISOENZYME 2,2btz_AA,2bu2_AA,"2xATP,2xTF1",2000,coupled_local_motion,2btz,AA,2bu2,AA
147,150,21,CL.22,ENDOGLYCOCERAMIDASE II,2osw_A,2osx_A,"16C,GAL,GLC,SIA",2000,coupled_local_motion,2osw,A,2osx,A
148,151,22,CL.23,ASPARAGINYL-TRNA SYNTHETASE,1x56_AA,1x55_AA,2xNSS,2000,coupled_local_motion,1x56,AA,1x55,AA
149,152,23,CL.24,PHOSPHO-2-DEHYDRO-3-DEOXYHEPTONATE ALDOLASE,1ofp_AB,1of6_EF,"2xDTY,2xMN",1600,coupled_local_motion,1ofp,AB,1of6,EF
150,153,24,CL.25,COPROPORPHYRINOGEN III OXIDASE,2qt8_AB,3dwr_AB,6x0PA,1301,coupled_local_motion,2qt8,AB,3dwr,AB
151,154,25,CL.26,RNA URIDYLYL TRANSFERASE,2q0d_B,2q0e_A,"GTP,MG",1300,coupled_local_motion,2q0d,B,2q0e,A
152,155,26,CL.27,PENICILLIN-BINDING PROTEIN 2X,1qme_A,1pyy_A,OSU,1300,coupled_local_motion,1qme,A,1pyy,A
153,156,27,CL.28,OROTIDINE 5'-PHOSPHATE DECARBOXYLASE,2zcg_AB,2za1_AB,2xOMP,1300,coupled_local_motion,2zcg,AB,2za1,AB
154,157,28,CL.29,FRUCTOSE-BISPHOSPHATE ALDOLASE II,1gyn_AA,1zen_AA,4xZN,1200,coupled_local_motion,1gyn,AA,1zen,AA
155,158,29,CL.30,SIGNAL PEPTIDASE I,1kn9_B,1b12_A,1PN,1200,coupled_local_motion,1kn9,B,1b12,A
156,159,30,CL.31,E3 UBIQUITIN-PROTEIN LIGASE NEDD4,3b7y_B,3b7y_A,2xCA,1200,coupled_local_motion,3b7y,B,3b7y,A
157,160,31,CL.32,MODULATOR OF DRUG ACTIVITY B,2amj_CD,2b3d_AB,2xFAD,1200,coupled_local_motion,2amj,CD,2b3d,AB
158,161,32,CL.33,PHOSPHOACETYLGLUCOSAMINE MUTASE,2dka_A,2dkc_B,"16G,ZN",1101,coupled_local_motion,2dka,A,2dkc,B
159,162,33,CL.34,TRICHOTHECENE 3-O-ACETYLTRANSFERASE,2rkt_A,2rkv_A,"COA,MPO,ZBA",1101,coupled_local_motion,2rkt,A,2rkv,A
160,163,34,CL.35,COMPLEMENT FACTOR D,1fdp_A,1bio_A,SOA,1100,coupled_local_motion,1fdp,A,1bio,A
161,164,35,CL.36,"N-ACETYLLACTOSAMINIDE ALPHA-1,3-GALACTOSYLTRANSFERASE",2vxm_A,2jcj_A,"MN,UDP",1100,coupled_local_motion,2vxm,A,2jcj,A
162,165,36,CL.37,PYRIDOXAL KINASE,1lhp_AB,1rft_AA,"2xACP,2xPXM",1100,coupled_local_motion,1lhp,AB,1rft,AA
163,166,37,CL.38,PYRIDOXINE 5'-PHOSPHATE OXIDASE,1xxo_AB,2aq6_AB,PLP,1100,coupled_local_motion,1xxo,AB,2aq6,AB
164,167,38,CL.39,MYOGLOBIN,1ufp_A,2eb8_A,CUP,1100,coupled_local_motion,1ufp,A,2eb8,A
165,168,39,CL.40,TELOMERIC REPEAT BINDING FACTOR 1,1h6o_AA,3bqo_AA,2xPEPT(SHFNLAPLGRRRV),1100,coupled_local_motion,1h6o,AA,3bqo,AA
166,169,40,CL.41,GANGLIOSIDE GM2 ACTIVATOR,1pu5_A,2ag4_B,"LP3,OLA",1100,coupled_local_motion,1pu5,A,2ag4,B
167,170,41,CL.42,RIBONUCLEOTIDE REDUCTASE PROTEIN R1,1rlr_A,2r1r_C,"PEPT(SEVDTDDLSNFQL),TTP",1100,coupled_local_motion,1rlr,A,2r1r,C
168,171,42,CL.43,IRON(III) DICITRATE TRANSPORT PROTEIN FECA,1pnz_A,1kmp_A,"FDC,16xLDA",1100,coupled_local_motion,1pnz,A,1kmp,A
169,172,43,CL.44,8-AMINO-7-OXONONANOATE SYNTHASE,1bs0_AA,1dj9_AA,"2xKAM,2xMG",1100,coupled_local_motion,1bs0,AA,1dj9,AA
170,173,44,CL.45,INOSITOL MONOPHOSPHATASE,1imf_AA,1ime_AB,2xCA,1100,coupled_local_motion,1imf,AA,1ime,AB
171,174,45,CL.46,BETA-SECRETASE 1,1sgz_B,2f3e_C,AXQ,1100,coupled_local_motion,1sgz,B,2f3e,C
172,175,46,CL.47,TRIOSEPHOSPHATE ISOMERASE,1mss_B,1ttj_A,PGH,1100,coupled_local_motion,1mss,B,1ttj,A
173,176,47,CL.48,PANTOTHENATE SYNTHETASE,1n2o_AB,2a86_AB,2xAMP,1100,coupled_local_motion,1n2o,AB,2a86,AB
174,177,48,CL.49,PMS1 PROTEIN HOMOLOG 2,1h7s_A,1ea6_B,ADP,1100,coupled_local_motion,1h7s,A,1ea6,B
175,178,49,CL.50,PROTEIN BUG27,2qpq_B,2qpq_A,CIT,1100,coupled_local_motion,2qpq,B,2qpq,A
176,179,50,CL.51,ALKALINE PHOSPHATASE,1aja_AB,1elz_AB,"2xMG,4xZN",1100,coupled_local_motion,1aja,AB,1elz,AB
177,180,51,CL.52,ANTHRANILATE PHOSPHORIBOSYLTRANSFERASE,1zvw_B,1zvw_A,"BAM,2xMG,PRP",1100,coupled_local_motion,1zvw,B,1zvw,A
178,181,52,CL.53,GTP-BINDING PROTEIN LEPA,2ywe_A,2ywf_A,GNP,1100,coupled_local_motion,2ywe,A,2ywf,A
179,182,53,CL.54,ASPARTATE BETA-SEMIALDEHYDE DEHYDROGENASE,2gyy_AB,2gz1_AB,2xNAP,1002,coupled_local_motion,2gyy,AB,2gz1,AB
180,183,54,CL.55,PANTOTHENATE KINASE,2f9t_AB,2f9w_AB,2xPAU,1001,coupled_local_motion,2f9t,AB,2f9w,AB
181,184,55,CL.56,1-DEOXY-D-XYLULOSE-5-PHOSPHATE REDUCTOISOMERASE,1k5h_AA,1q0q_AB,"2xDXP,2xNDP",1000,coupled_local_motion,1k5h,AA,1q0q,AB
182,185,56,CL.57,SHIKIMATE KINASE,2iyt_A,2iyx_A,"MG,SKM",1000,coupled_local_motion,2iyt,A,2iyx,A
183,186,57,CL.58,D-ALANINE:D-ALANINE LIGASE,2fb9_AA,2zdq_AB,2xATP,1000,coupled_local_motion,2fb9,AA,2zdq,AB
184,187,58,CL.59,ARABINOSE OPERON REGULATORY PROTEIN,1xja_EE,2aac_AB,2xFCB,1000,coupled_local_motion,1xja,EE,2aac,AB
185,188,59,CL.60,"BETA-1,4-GALACTOSYLTRANSFERASE 1",1pzt_A,1o0r_A,"GDU,MN",1000,coupled_local_motion,1pzt,A,1o0r,A
186,189,60,CL.61,ARYLALKYLAMINE N-ACETYLTRANSFERASE,1b6b_A,1cjw_A,COT,1000,coupled_local_motion,1b6b,A,1cjw,A
187,190,61,CL.62,ANTIGEN 85-C,1dqz_B,1dqy_A,DEP,1000,coupled_local_motion,1dqz,B,1dqy,A
188,191,62,CL.63,CHEMOSENSORY PROTEIN A6,1kx9_A,1n8v_B,3xBDD,1000,coupled_local_motion,1kx9,A,1n8v,B
189,192,63,CL.64,HYDROGENASE EXPRESSION/FORMATION PROTEIN HYPC,2z1c_A,2z1c_B,PG4,1000,coupled_local_motion,2z1c,A,2z1c,B
191,194,65,CL.66,SHIKIMATE KINASE,1zuh_A,1zui_A,SKM,1000,coupled_local_motion,1zuh,A,1zui,A
192,195,66,CL.67,STAPHYLOCOCCAL ENTEROTOXIN B,3seb_A,1se3_A,SIA,1000,coupled_local_motion,3seb,A,1se3,A
193,196,67,CL.68,CATECHOL O-METHYLTRANSFERASE,2zlb_A,2cl5_B,"2xBIE,MG,SAM",1000,coupled_local_motion,2zlb,A,2cl5,B
194,197,68,CL.69,PEPTIDE METHIONINE SULFOXIDE REDUCTASE MSRA/MSRB,3bqh_A,3bqf_A,SSM,1000,coupled_local_motion,3bqh,A,3bqf,A
195,198,69,CL.70,PEROXISOME PROLIFERATOR-ACTIVATED RECEPTOR GAMMA,2f4b_B,2om9_A,3xAJA,1000,coupled_local_motion,2f4b,B,2om9,A
196,199,70,CL.71,ARSENATE REDUCTASE,1jfv_A,1rxe_A,MNB,1000,coupled_local_motion,1jfv,A,1rxe,A
197,200,71,CL.72,PENICILLIN-BINDING PROTEIN 5,1nzu_A,3bec_A,HJ2,1000,coupled_local_motion,1nzu,A,3bec,A
198,201,72,CL.73,GALECTIN,1ww7_BC,1ww4_AD,"2xGAL,2xGLC,2xSIA",1000,coupled_local_motion,1ww7,BC,1ww4,AD
199,202,73,CL.74,DIADENOSINE TETRAPHOSPHATE HYDROLASE,1kt9_A,1ktg_A,"AMP,2xMG",1000,coupled_local_motion,1kt9,A,1ktg,A
200,203,74,CL.75,"DTDP-6-DEOXY-D-XYLO-4-HEXULOSE 3,5-EPIMERASE",1nxm_AB,2ixl_AB,2xTRH,1000,coupled_local_motion,1nxm,AB,2ixl,AB
201,204,75,CL.76,"PROTEIN PHOSPHATASE 2A, REGULATORY SUBUNIT B",2hv6_B,2hv7_E,ADP,1000,coupled_local_motion,2hv6,B,2hv7,E
202,205,76,CL.77,DNA PACKAGING PROTEIN GP17,2o0k_A,2o0j_A,ADP,1000,coupled_local_motion,2o0k,A,2o0j,A
203,206,77,CL.78,17BETA-HYDROXYSTEROID DEHYDROGENASE,1bhs_AA,1i5r_AA,2xHYC,1000,coupled_local_motion,1bhs,AA,1i5r,AA
204,207,78,CL.79,LIPASE,1tib_A,1ein_B,PLC,1000,coupled_local_motion,1tib,A,1ein,B
205,208,79,CL.80,3-DEHYDROQUINATE DEHYDRATASE,1gqn_AA,1l9w_CD,2xDHS,1000,coupled_local_motion,1gqn,AA,1l9w,CD
206,209,80,CL.81,ALPHA-AMYLASE,1vjs_A,1bli_A,3xCA,1000,coupled_local_motion,1vjs,A,1bli,A
207,210,81,CL.82,PROTEIN L,1hz6_A,1k52_B,2xZN,1000,coupled_local_motion,1hz6,A,1k52,B
208,211,82,CL.83,GDP-MANNOSE MANNOSYL HYDROLASE,2gt2_CD,1rya_AB,"2xGDP,2xMG",1000,coupled_local_motion,2gt2,CD,1rya,AB
209,212,83,CL.84,PROLINE-TRNA LIGASE,2i4l_CC,2i4n_AB,2x5CA,1000,coupled_local_motion,2i4l,CC,2i4n,AB
210,213,84,CL.85,ASPARAGINE OXYGENASE,2og6_A,2og7_A,"AHB,SIN",1000,coupled_local_motion,2og6,A,2og7,A
211,214,85,CL.86,CELLULAR TUMOR ANTIGEN P53,2p52_A,2iom_A,ZN,1000,coupled_local_motion,2p52,A,2iom,A
212,215,86,CL.87,PHOSPHOSERINE PHOSPHATASE,1l7o_B,1l7p_B,SEP,1000,coupled_local_motion,1l7o,B,1l7p,B
213,216,87,CL.88,STAPHYLOCOCCAL NUCLEASE,1ey0_A,1stb_A,"CA,THP",1000,coupled_local_motion,1ey0,A,1stb,A
214,217,88,CL.89,ANNEXIN GH1,1n00_A,3brx_A,3xCA,1000,coupled_local_motion,1n00,A,3brx,A
215,218,89,CL.90,BETA-LACTOGLOBULIN,1bsq_A,2gj5_A,2xVD3,1000,coupled_local_motion,1bsq,A,2gj5,A
216,219,90,CL.91,AZURIN,1r1c_C,1r1c_A,REP,1000,coupled_local_motion,1r1c,C,1r1c,A
217,220,91,CL.92,27.5 KDA VIRULENCE PROTEIN,2z8n_B,2z8p_A,PEPT(GEAVATY),1000,coupled_local_motion,2z8n,B,2z8p,A
218,221,92,CL.93,SORTASE,1t2w_C,1t2w_A,"GLU,PRO,THR",1000,coupled_local_motion,1t2w,C,1t2w,A
219,222,93,CL.94,ALPHA-L-ARABINOFURANOSIDASE,2vrk_A,2vrq_B,"AHR,3xXYP",1000,coupled_local_motion,2vrk,A,2vrq,B
220,223,94,CL.95,SCO1 PROTEIN,2b7k_B,2b7j_C,2xCU,1000,coupled_local_motion,2b7k,B,2b7j,C
221,224,95,CL.96,ALDEHYDE REDUCTASE II,1ujm_B,1y1p_A,"AMP,NMN",1000,coupled_local_motion,1ujm,B,1y1p,A
222,225,96,CL.97,N-ACETYL-BETA-D-GLUCOSAMINIDASE,2epl_XX,2epn_AB,2xNGT,1000,coupled_local_motion,2epl,XX,2epn,AB
223,226,97,CL.98,UNCHARACTERIZED PROTEIN,2r4i_CD,2r4i_AB,CIT,1000,coupled_local_motion,2r4i,CD,2r4i,AB
224,227,98,CL.99,"MALATE DEHYDROGENASE, GLYOXYSOMAL",1smk_AB,1smk_CD,CIT,1000,coupled_local_motion,1smk,AB,1smk,CD
225,228,99,CL.100,THYMIDYLATE SYNTHASE,2rda_EF,1juj_CD,"2xLYA,2xUMP",1000,coupled_local_motion,2rda,EF,1juj,CD
226,229,100,CL.101,"PHOSPHOINOSITIDE-SPECIFIC PHOSPHOLIPASE C, ISOZYME DELTA1",1qat_A,1djz_B,"2xCA,IP2",1000,coupled_local_motion,1qat,A,1djz,B
227,230,101,CL.102,BETA-AMYLASE,1wdp_A,1q6f_A,2xGLC,1000,coupled_local_motion,1wdp,A,1q6f,A
228,231,102,CL.103,TRIOSEPHOSPHATE ISOMERASE GLYCOSOMAL,2j24_AB,2j27_AB,2xPGA,1000,coupled_local_motion,2j24,AB,2j27,AB
229,232,103,CL.104,LL-DIAMINOPIMELATE AMINOTRANSFERASE,3ei7_AB,2z1z_AB,"MLT,2xPLP",1000,coupled_local_motion,3ei7,AB,2z1z,AB
230,233,104,CL.105,DEHYDROSQUALENE SYNTHASE,2zco_A,2zcq_A,"B65,2xMG",1000,coupled_local_motion,2zco,A,2zcq,A
231,234,105,CL.106,XYLOSE REDUCTASE,1jez_AB,1k8c_CD,2xNAP,1000,coupled_local_motion,1jez,AB,1k8c,CD
232,235,106,CL.107,"GLYCEROL-3-PHOSPHATE DEHYDROGENASE [NAD+], CYTOPLASMIC",1x0v_AB,1wpq_AB,"2x13P,2xNAD",1000,coupled_local_motion,1x0v,AB,1wpq,AB
233,236,107,CL.108,LIPASE A,1i6w_B,1r4z_A,RIL,1000,coupled_local_motion,1i6w,B,1r4z,A
234,237,108,CL.109,PHOSPHOLIPASE D,2ze4_A,2ze9_A,PD7,1000,coupled_local_motion,2ze4,A,2ze9,A
235,238,109,CL.110,LEUCYL/PHENYLALANYL-TRNA--PROTEIN TRANSFERASE,2dps_B,2dpt_B,"PUY,TAR",1000,coupled_local_motion,2dps,B,2dpt,B
236,239,110,CL.111,RIBONUCLEASE T1,1rn4_A,2bir_A,2GP,1000,coupled_local_motion,1rn4,A,2bir,A
237,240,111,CL.112,RNA EDITING COMPLEX PROTEIN MP57,2b4v_A,2b51_A,"MN,3xUTP",1000,coupled_local_motion,2b4v,A,2b51,A
238,241,112,CL.113,ORNITHINE DECARBOXYLASE,2on3_AB,2oo0_AB,"2xN2P,2xPLP",1000,coupled_local_motion,2on3,AB,2oo0,AB
239,242,113,CL.114,ALPHA-D-GLUCURONIDASE,1mqr_AA,1mqq_AA,2xGCU,1000,coupled_local_motion,1mqr,AA,1mqq,AA
240,243,114,CL.115,LEUCINE CARBOXYL METHYLTRANSFERASE 1,1rjf_C,2ob2_B,SAH,1000,coupled_local_motion,1rjf,C,2ob2,B
241,244,115,CL.116,COPPER RESISTANCE PROTEIN C,2c9r_A,2c9p_C,2xCU,1000,coupled_local_motion,2c9r,A,2c9p,C
242,245,116,CL.117,ALDOSE REDUCTASE,2bgq_A,2vdg_A,NDP,1000,coupled_local_motion,2bgq,A,2vdg,A
243,246,117,CL.118,PEPTIDE AMIDASE,1m22_A,1m21_A,CHY,1000,coupled_local_motion,1m22,A,1m21,A
244,247,118,CL.119,GLUCOSAMINE--FRUCTOSE-6-PHOSPHATE AMINOTRANSFERASE,2vf4_X,2vf5_X,GLP,1000,coupled_local_motion,2vf4,X,2vf5,X
245,248,119,CL.120,"ALPHA-1,3-MANNOSYL-GLYCOPROTEIN BETA-1,2-N- ACETYLGLUCOSAMINYLTRANSFERASE",1fo8_A,1foa_A,UD1,1000,coupled_local_motion,1fo8,A,1foa,A
246,249,120,CL.121,2-KETO-3-DEOXY-D-ARABINONATE DEHYDRATASE,2q18_XX,2q1c_XX,"2x2KT,2xCA",1000,coupled_local_motion,2q18,XX,2q1c,XX
247,250,121,CL.122,RIO2 SERINE KINASE,1tqi_A,1zao_A,"ATP,2xMN",1000,coupled_local_motion,1tqi,A,1zao,A
248,251,122,CL.123,PHOSPHOMETHYLPYRIMIDINE KINASE,1jxh_AB,1jxi_AB,2xHMH,1000,coupled_local_motion,1jxh,AB,1jxi,AB
249,252,123,CL.124,PHOSPHORIBOSYL ANTHRANILATE ISOMERASE,1nsj_AA,1lbm_AA,2x137,1000,coupled_local_motion,1nsj,AA,1lbm,AA
250,253,124,CL.125,"IRON(III) ABC TRANSPORTER, PERIPLASMIC IRON- BINDING PROTEIN, PUTATIVE",2etv_B,2etv_A,NI,1000,coupled_local_motion,2etv,B,2etv,A
251,254,0,IL.1,CHOLESTEROL ESTERASE,2bce_A,1akn_A,NAG,401,independent_local_motion,2bce,A,1akn,A
252,255,1,IL.2,"RIBULOSE-1,5-BISPHOSPHATE CARBOXYLASE",1rba_AB,9rub_AB,"MG,2xRUB",401,independent_local_motion,1rba,AB,9rub,AB
253,256,2,IL.3,BOTULINUM NEUROTOXIN TYPE B,1s0g_A,1f31_A,"GAL,SIA,ZN",401,independent_local_motion,1s0g,A,1f31,A
255,258,4,IL.5,ARGONAUTE PROTEIN,2f8s_B,1yvu_A,CA,301,independent_local_motion,2f8s,B,1yvu,A
256,259,5,IL.6,GALACTOSE OXIDASE,1goh_A,1k3i_A,"CA,GLC",301,independent_local_motion,1goh,A,1k3i,A
257,260,6,IL.7,RNA DEPENDENT RNA POLYMERASE,1yuy_A,1yvz_A,JPC,301,independent_local_motion,1yuy,A,1yvz,A
258,261,7,IL.8,GLYOXALASE FAMILY PROTEIN,2p7l_EF,2p7p_AB,2xMN,301,independent_local_motion,2p7l,EF,2p7p,AB
259,262,8,IL.9,INTERLEUKIN-2,1m47_A,1pw6_B,FRB,301,independent_local_motion,1m47,A,1pw6,B
260,263,9,IL.10,PI-SCEI ENDONUCLEASE,1vde_B,1ef0_A,ZN,301,independent_local_motion,1vde,B,1ef0,A
261,264,10,IL.11,TYROSINE-PROTEIN PHOSPHATASE NON-RECEPTOR TYPE 22,2qct_B,2qct_A,561,301,independent_local_motion,2qct,B,2qct,A
262,265,11,IL.12,DIPHOSPHATE--FRUCTOSE-6-PHOSPHATE 1-PHOSPHOTRANSFERASE,1kzh_AB,2f48_AB,FBP,211,independent_local_motion,1kzh,AB,2f48,AB
263,266,12,IL.13,NEUROTOXIN A,3bok_A,2ise_A,ZN,210,independent_local_motion,3bok,A,2ise,A
264,267,13,IL.14,N-ACETYLGLUCOSAMINE-6-PHOSPHATE DEACETYLASE,1ymy_AB,2p50_AB,2xZN,210,independent_local_motion,1ymy,AB,2p50,AB
265,268,14,IL.15,LIPID-TRANSFER PROTEIN CERT,2e3m_A,2e3p_B,16C,210,independent_local_motion,2e3m,A,2e3p,B
266,269,15,IL.16,"DHPS, DIHYDROPTEROATE SYNTHASE",1tws_BB,1tx2_AA,2x680,210,independent_local_motion,1tws,BB,1tx2,AA
267,270,16,IL.17,LIPOXYGENASE-1,1f8n_A,2sbl_A,FE,210,independent_local_motion,1f8n,A,2sbl,A
268,271,17,IL.18,SERYL-TRNA SYNTHETASE,1sry_AB,1set_AB,2xSSA,210,independent_local_motion,1sry,AB,1set,AB
269,272,18,IL.19,YHCH PROTEIN,1jop_BC,1s4c_BC,2xCU,210,independent_local_motion,1jop,BC,1s4c,BC
270,273,19,IL.20,GLYCYLPEPTIDE N-TETRADECANOYLTRANSFERASE 1,1rxt_B,1rxt_C,CO,210,independent_local_motion,1rxt,B,1rxt,C
271,274,20,IL.21,3-OXOACYL-[ACYL-CARRIER-PROTEIN] SYNTHASE 3,1u6e_AB,2qo0_AB,2xD1T,210,independent_local_motion,1u6e,AB,2qo0,AB
272,275,21,IL.22,"ENDO-1,4-BETA-D-XYLANASE",1xyf_AB,1v6u_AB,"AHR,13xXYP,XYS",202,independent_local_motion,1xyf,AB,1v6u,AB
273,276,22,IL.23,PUTATIVE ACETYLTRANSFERASE,3c8v_AB,3c8v_CD,MG,202,independent_local_motion,3c8v,AB,3c8v,CD
274,277,23,IL.24,GTP-BINDING PROTEIN,2dwq_A,2dby_A,GDP,201,independent_local_motion,2dwq,A,2dby,A
275,278,24,IL.25,NEUROPILIN-1,2orx_A,2orz_A,PEPT(KPR),201,independent_local_motion,2orx,A,2orz,A
276,279,25,IL.26,LYSOZYME,1lyy_A,1re2_A,"GAL,2xNAG",201,independent_local_motion,1lyy,A,1re2,A
277,280,26,IL.27,PYOVERDINE BIOSYNTHESIS PROTEIN PVCA,3e59_D,3e59_B,2xPGE,201,independent_local_motion,3e59,D,3e59,B
278,281,27,IL.28,SERINE/THREONINE-PROTEIN KINASE GCN2,1zy4_AB,1zyd_AB,2xATP,201,independent_local_motion,1zy4,AB,1zyd,AB
279,282,28,IL.29,4F2 CELL-SURFACE ANTIGEN HEAVY CHAIN,2dh3_B,2dh3_A,ZN,201,independent_local_motion,2dh3,B,2dh3,A
280,283,29,IL.30,PYRUVATE PHOSPHATE DIKINASE,1jde_AA,1kc7_AA,"2xMG,2xPPR",201,independent_local_motion,1jde,AA,1kc7,AA
281,284,30,IL.31,O-SUCCINYLBENZOATE SYNTHASE,2ofj_A,1fhv_A,"MG,OSB",201,independent_local_motion,2ofj,A,1fhv,A
282,285,31,IL.32,PROGESTERONE 5-BETA-REDUCTASE,2v6f_A,2v6g_A,NAP,201,independent_local_motion,2v6f,A,2v6g,A
284,287,33,IL.34,DNA TOPOISOMERASE I,1mw9_X,1cy0_A,A3P,201,independent_local_motion,1mw9,X,1cy0,A
285,288,34,IL.35,BETA-HEXOSAMINIDASE,1tr9_A,2oxn_A,OAN,201,independent_local_motion,1tr9,A,2oxn,A
286,289,35,IL.36,ALLANTOATE AMIDOHYDROLASE,2imo_AB,1z2l_AB,"1AL,4xZN",201,independent_local_motion,2imo,AB,1z2l,AB
287,290,36,IL.37,TYROSYL-DNA PHOSPHODIESTERASE 1,1qzq_A,1rg2_B,"DNA(TA),OTS,OTR",201,independent_local_motion,1qzq,A,1rg2,B
288,291,37,IL.38,PUTATIVE MODIFICATION METHYLASE,2zig_AB,2zif_AB,2xSAM,201,independent_local_motion,2zig,AB,2zif,AB
289,292,38,IL.39,"N(2),N(2)-DIMETHYLGUANOSINE TRNA METHYLTRANSFERASE",2dul_AA,2ytz_AB,2xSAH,201,independent_local_motion,2dul,AA,2ytz,AB
290,293,39,IL.40,FIBRILLIN-1,1uzq_A,1uzj_C,2xCA,120,independent_local_motion,1uzq,A,1uzj,C
291,294,40,IL.41,PHEROMONE-BINDING PROTEIN,2fjy_B,1dqe_A,BOM,110,independent_local_motion,2fjy,B,1dqe,A
292,295,41,IL.42,HTH-TYPE TRANSCRIPTIONAL REGULATOR BENM,2f6p_AB,2f8d_AB,3xBEZ,110,independent_local_motion,2f6p,AB,2f8d,AB
293,296,42,IL.43,FERREDOXIN-LIKE PROTEIN OF UNKNOWN FUNCTION,3bgu_BB,3bgu_AA,2xNBZ,110,independent_local_motion,3bgu,BB,3bgu,AA
294,297,43,IL.44,PHYCOCYANOBILIN:FERREDOXIN OXIDOREDUCTASE,2dke_A,2d1e_A,BLA,110,independent_local_motion,2dke,A,2d1e,A
295,298,44,IL.45,PROBABLE ATP-DEPENDENT RNA HELICASE DDX58,2qfd_C,2qfb_H,ZN,110,independent_local_motion,2qfd,C,2qfb,H
296,299,45,IL.46,"NG,NG-DIMETHYLARGININE DIMETHYLAMINOHYDROLASE 1",2ci3_A,2ci6_A,ZN,110,independent_local_motion,2ci3,A,2ci6,A
297,300,46,IL.47,L-ARGININE\:GLYCINE AMIDINOTRANSFERASE,2jdw_AA,4jdw_AA,2xARG,110,independent_local_motion,2jdw,AA,4jdw,AA
298,301,47,IL.48,THIOESTERASE I,1ivn_A,1u8u_A,OCA,110,independent_local_motion,1ivn,A,1u8u,A
299,302,48,IL.49,"3,4-DIHYDROXY-2-BUTANONE 4-PHOSPHATE SYNTHASE",1pvw_CC,1snn_AB,"2x5RP,2xZN",110,independent_local_motion,1pvw,CC,1snn,AB
300,303,49,IL.50,RIBOSOME-INACTIVATING PROTEIN 3,2pqi_C,2pqj_C,ADE,110,independent_local_motion,2pqi,C,2pqj,C
301,304,50,IL.51,HYPOTHETICAL 22.5 KDA PROTEIN IN TUB1-CPR3 INTERGENIC REGION,1xe8_CC,1xe8_AB,"ADE,CIT",110,independent_local_motion,1xe8,CC,1xe8,AB
302,305,51,IL.52,PRECORRIN-2 C20-METHYLTRANSFERASE,2e0k_AB,2e0n_AB,2xSAH,110,independent_local_motion,2e0k,AB,2e0n,AB
303,306,52,IL.53,ENDOGLUCANASE B,1a3h_A,1qhz_A,CA,110,independent_local_motion,1a3h,A,1qhz,A
304,307,53,IL.54,METALLO-BETA-LACTAMASE,2znb_B,1a8t_B,2xZN,110,independent_local_motion,2znb,B,1a8t,B
305,308,54,IL.55,UPF0341 PROTEIN YHIQ,2pgx_A,2oyr_A,SAH,110,independent_local_motion,2pgx,A,2oyr,A
306,309,55,IL.56,CLAVAMINATE SYNTHASE 1,1ds0_A,1gvg_A,"AKG,FE,PCX",110,independent_local_motion,1ds0,A,1gvg,A
308,311,57,IL.58,FORMATE DEHYDROGENASE,2fss_BC,2j6i_AD,2xPG4,102,independent_local_motion,2fss,BC,2j6i,AD
309,312,58,IL.59,BREAST CANCER TYPE 1 SUSCEPTIBILITY PROTEIN,1t2u_A,1t15_A,PEPT(STSPTFNK),102,independent_local_motion,1t2u,A,1t15,A
310,313,59,IL.60,SYS-1 PROTEIN,3c2h_B,3c2g_B,PEPT(GDEVKVFR),102,independent_local_motion,3c2h,B,3c2g,B
311,314,60,IL.61,PROBABLE GALACTOKINASE,2cz9_A,2dei_A,"GLA,MAP",102,independent_local_motion,2cz9,A,2dei,A
312,315,61,IL.62,UVRABC SYSTEM PROTEIN C,2nrt_A,2nrz_B,MN,101,independent_local_motion,2nrt,A,2nrz,B
313,316,62,IL.63,ANTITHROMBIN,1br8_L,1azx_I,"NAG,NTP",101,independent_local_motion,1br8,L,1azx,I
314,317,63,IL.64,MUTANT AL2 6E7S9G,1h8n_A,1h8s_A,AIC,101,independent_local_motion,1h8n,A,1h8s,A
315,318,64,IL.65,HISTONE H3 LYSINE 4 SPECIFIC METHYLTRANSFERASE,1h3i_A,1mt6_A,SAH,101,independent_local_motion,1h3i,A,1mt6,A
316,319,65,IL.66,"6-HYDROXYMETHYL-7,8-DIHYDROPTERIN PYROPHOSPHOKINASE",1hka_A,1rao_A,"AMP,HH2",101,independent_local_motion,1hka,A,1rao,A
317,320,66,IL.67,UBIQUITIN CARBOXYL-TERMINAL HYDROLASE 7,2f1w_A,2fop_A,PEPT(EKPSSS),101,independent_local_motion,2f1w,A,2fop,A
318,321,67,IL.68,HYDROPHOBIN-1,2fz6_C,2fz6_B,ZN,101,independent_local_motion,2fz6,C,2fz6,B
319,322,68,IL.69,NUCLEAR INCLUSION PROTEIN A,1q31_B,1lvb_A,PEPT(TENLYFQSGT),101,independent_local_motion,1q31,B,1lvb,A
320,323,69,IL.70,ASPARTYL-TRNA SYNTHETASE,1l0w_AB,1g51_AB,"2xAMO,AMP",101,independent_local_motion,1l0w,AB,1g51,AB
321,324,70,IL.71,SIALIC ACID BINDING IG-LIKE LECTIN 7,1o7v_A,2hrl_A,"GLC,NAG,SIA",101,independent_local_motion,1o7v,A,2hrl,A
322,325,71,IL.72,AGRIN,1pz9_B,1pz7_B,CA,101,independent_local_motion,1pz9,B,1pz7,B
323,326,72,IL.73,UNCHARACTERIZED PROTEIN,2pyq_C,2pyq_B,PG4,101,independent_local_motion,2pyq,C,2pyq,B
324,327,73,IL.74,NICOTINIC ACID MONONUCLEOTIDE ADENYLYLTRANSFERASE,1k4k_A,1k4m_B,"CIT,NAD",101,independent_local_motion,1k4k,A,1k4m,B
325,328,74,IL.75,PROTEIN TRAI,2q7u_B,2q7t_A,MG,101,independent_local_motion,2q7u,B,2q7t,A
326,329,75,IL.76,INTEGRASE,1vsm_AA,1vsf_AA,2xMN,101,independent_local_motion,1vsm,AA,1vsf,AA
327,330,76,IL.77,PROBABLE ATP-DEPENDENT RNA HELICASE P47,1xti_A,1xtj_A,"ADP,MG",101,independent_local_motion,1xti,A,1xtj,A
328,331,77,IL.78,MO25 PROTEIN,1upl_A,1upk_A,PEPT(DWEF),101,independent_local_motion,1upl,A,1upk,A
329,332,78,IL.79,TETANUS NEUROTOXIN,1a8d_A,1fv3_B,"GAL,NGA",101,independent_local_motion,1a8d,A,1fv3,B
330,333,79,IL.80,PEPTIDYL-GLYCINE ALPHA-AMIDATING MONOOXYGENASE,1yjl_A,1sdw_A,"2xCU,3xIYT",101,independent_local_motion,1yjl,A,1sdw,A
331,334,80,IL.81,HYPOTHETICAL PROTEIN,2it9_CD,2it9_AB,2xPGE,101,independent_local_motion,2it9,CD,2it9,AB
332,335,81,IL.82,DIPHTHERIA TOXIN REPRESSOR,1p92_AA,1g3y_AA,2xZN,101,independent_local_motion,1p92,AA,1g3y,AA
333,336,82,IL.83,CAPSID PROTEIN P24 (CA),2gol_D,2gon_D,FLC,101,independent_local_motion,2gol,D,2gon,D
334,337,83,IL.84,CELLULAR RETINOIC ACID-BINDING PROTEIN 2,3d97_B,3d97_A,B3P,101,independent_local_motion,3d97,B,3d97,A
335,338,84,IL.85,PUTATIVE STEROID ISOMERASE,2z7a_AB,2z76_AB,LDA,101,independent_local_motion,2z7a,AB,2z76,AB
336,339,85,IL.86,GLYCOPROTEIN IB ALPHA,1m0z_B,1qyy_G,NAG,101,independent_local_motion,1m0z,B,1qyy,G
337,340,86,IL.87,LIPOATE-PROTEIN LIGASE A,1x2g_C,1x2h_A,LPA,101,independent_local_motion,1x2g,C,1x2h,A
338,341,87,IL.88,HYPOTHETICAL PROTEIN TA0583,2fsj_A,2fsn_B,ADP,101,independent_local_motion,2fsj,A,2fsn,B
339,342,88,IL.89,PHOSPHATIDYLINOSITOL 3-KINASE CATALYTIC SUBUNIT,1e8y_A,3dbs_A,GD9,101,independent_local_motion,1e8y,A,3dbs,A
340,343,89,IL.90,HOMOSERINE DEHYDROGENASE,1ebu_AB,1ebf_AB,NAD,101,independent_local_motion,1ebu,AB,1ebf,AB
341,344,90,IL.91,PROFILIN,2jkf_A,2jkg_A,PEPT(PPPPPPPP),101,independent_local_motion,2jkf,A,2jkg,A
342,345,91,IL.92,VITAMIN B12 TRANSPORT PROTEIN BTUF,1n4d_A,1n4a_A,CNC,101,independent_local_motion,1n4d,A,1n4a,A
343,346,92,IL.93,IROE PROTEIN,2gzr_A,2gzs_A,DFP,101,independent_local_motion,2gzr,A,2gzs,A
344,347,93,IL.94,HISF PROTEIN,1thf_D,2a0n_A,UNL,101,independent_local_motion,1thf,D,2a0n,A
345,348,94,IL.95,"2,3-DIKETO-5-METHYLTHIOPENTYL-1-PHOSPHATE ENOLASE",2oej_AB,2oek_AB,2xMG,101,independent_local_motion,2oej,AB,2oek,AB
346,349,95,IL.96,XYLOGLUCANASE,2jep_B,2jeq_A,"4xBGC,GAL,XYS",101,independent_local_motion,2jep,B,2jeq,A
347,350,96,IL.97,INORGANIC PYROPHOSPHATASE,2ik9_AB,1huj_AB,2xMG,101,independent_local_motion,2ik9,AB,1huj,AB
348,351,97,IL.98,MEMBRANE ANTIGEN,2izp_B,2j9t_A,FLC,101,independent_local_motion,2izp,B,2j9t,A
349,352,98,IL.99,CHLORIDE INTRACELLULAR CHANNEL PROTEIN 1,1k0m_B,1k0n_A,GTT,101,independent_local_motion,1k0m,B,1k0n,A
350,353,99,IL.100,SPHINGOMYELIN PHOSPHODIESTERASE,2uyr_X,2dds_A,CO,101,independent_local_motion,2uyr,X,2dds,A
351,354,100,IL.101,TRANSLATION INITIATION FACTOR 2 GAMMA SUBUNIT,2plf_A,2pmd_B,"GDP,3xPPV",101,independent_local_motion,2plf,A,2pmd,B
352,355,101,IL.102,HYPOTHETICAL PROTEIN PH0822,2yx6_DD,2yx6_BC,ADP,101,independent_local_motion,2yx6,DD,2yx6,BC
353,356,102,IL.103,JUVENILE HORMONE BINDING PROTEIN,2rck_A,2rck_B,NAG,101,independent_local_motion,2rck,A,2rck,B
354,357,103,IL.104,EXODEOXYRIBONUCLEASE I,3c95_A,3c94_A,"PEPT(DIPF),PEPT(IPF),MG",101,independent_local_motion,3c95,A,3c94,A
355,358,104,IL.105,POLO-LIKE KINASE 1,3d5u_A,3d5w_A,ADP,101,independent_local_motion,3d5u,A,3d5w,A
356,359,105,IL.106,PROGRAMMED CELL DEATH 6-INTERACTING PROTEIN,2oew_A,3c3o_A,PEPT(DEEALKQLAEWVS),101,independent_local_motion,2oew,A,3c3o,A
357,360,106,IL.107,METALLOREDUCTASE STEAP3,2vns_AB,2vq3_AB,2xNAP,101,independent_local_motion,2vns,AB,2vq3,AB
358,361,107,IL.108,ACETYL-COENZYME A CARBOXYLASE,1od4_AA,1od2_AB,"ACO,ADE",101,independent_local_motion,1od4,AA,1od2,AB
359,362,108,IL.109,ANAEROBIC RIBONUCLEOTIDE-TRIPHOSPHATE REDUCTASE LARGE CHAIN,1h7b_AA,1h78_AA,4xDCP,101,independent_local_motion,1h7b,AA,1h78,AA
360,363,109,IL.110,EPHRIN RECEPTOR,2qo2_A,2qoq_A,ANP,101,independent_local_motion,2qo2,A,2qoq,A
361,364,110,IL.111,HYALURONOGLUCOSAMINIDASE,1fcq_A,1fcv_A,"GCU,2xNAG",101,independent_local_motion,1fcq,A,1fcv,A
362,365,111,IL.112,HIV-1 PROTEASE,1g6l_A,1hvc_A,A79,101,independent_local_motion,1g6l,A,1hvc,A
363,366,112,IL.113,6-PHOSPHO-BETA-D-GALACTOSIDASE,1pbg_B,4pbg_A,BGP,101,independent_local_motion,1pbg,B,4pbg,A
364,367,113,IL.114,PEPTIDE-N(4)-(N-ACETYL-BETA-D-GLUCOSAMINYL) ASPARAGINE AMIDASE F,1pgs_A,1pnf_A,"NAG,NDG",101,independent_local_motion,1pgs,A,1pnf,A
365,368,114,IL.115,PHYTASE,1dkl_B,1dkq_A,IHP,101,independent_local_motion,1dkl,B,1dkq,A
366,369,115,IL.116,GLYCOPROTEIN-FUCOSYLGALACTOSIDE ALPHA-N-ACETYLGALACTOSAMINYLTRANSFERASE,2pgy_AA,1r7y_AA,"2xAIG,2xMN,2xUDP",101,independent_local_motion,2pgy,AA,1r7y,AA
367,370,116,IL.117,DIHYDROPTEROATE SYNTHASE,2veg_B,2veg_A,PMM,101,independent_local_motion,2veg,B,2veg,A
368,371,117,IL.118,DNA POLYMERASE BETA,1rpl_A,1nom_A,MN,101,independent_local_motion,1rpl,A,1nom,A
369,372,118,IL.119,UBIQUITIN,2znv_C,2zcc_B,ZN,101,independent_local_motion,2znv,C,2zcc,B
370,373,119,IL.120,LEUCYL-TRNA SYNTHETASE,2ajg_B,2ajh_A,MET,101,independent_local_motion,2ajg,B,2ajh,A
371,374,120,IL.121,TRANSDUCIN-LIKE ENHANCER PROTEIN 1,1gxr_AB,2ce9_CD,PEPT(MWRPW),101,independent_local_motion,1gxr,AB,2ce9,CD
372,375,121,IL.122,HYALURONATE LYASE,1f1s_A,1i8q_A,"2xGC4,NAG",101,independent_local_motion,1f1s,A,1i8q,A
373,376,122,IL.123,"DIPEPTIDYL AMINOPEPTIDASE IV, PUTATIVE",2d5l_AA,2eep_AA,2xAIO,101,independent_local_motion,2d5l,AA,2eep,AA
374,377,123,IL.124,PROTEIN YTNJ,1tvl_AA,1yw1_AA,"2xFMN,2xGLC",101,independent_local_motion,1tvl,AA,1yw1,AA
375,378,124,IL.125,VIRULENCE SENSOR HISTIDINE KINASE PHOQ,3cgz_C,3cgy_A,RDC,101,independent_local_motion,3cgz,C,3cgy,A
376,379,125,IL.126,MALONYL COA-ACYL CARRIER PROTEIN TRANSACYLASE,2qj3_A,2qj3_B,3xNI,101,independent_local_motion,2qj3,A,2qj3,B
377,380,126,IL.127,ESCN,2obl_A,2obm_A,ADP,101,independent_local_motion,2obl,A,2obm,A
378,381,127,IL.128,POP2,1uoc_B,1uoc_A,CA,101,independent_local_motion,1uoc,B,1uoc,A
379,382,128,IL.129,PYRIDOXINE KINASE,2ddm_AB,2ddo_AB,ATP,101,independent_local_motion,2ddm,AB,2ddo,AB
380,383,129,IL.130,LEUKOCIDIN F SUBUNIT,2lkf_A,3lkf_A,PC,101,independent_local_motion,2lkf,A,3lkf,A
381,384,130,IL.131,DIACYLGLYCEROL KINASE DGKB,2qvl_A,2qv7_A,"ADP,MG",101,independent_local_motion,2qvl,A,2qv7,A
382,385,131,IL.132,IDS-EPIMERASE,2hp3_AB,2hp0_AB,2xDTT,101,independent_local_motion,2hp3,AB,2hp0,AB
383,386,132,IL.133,PHOSPHOHEPTOSE ISOMERASE,2i2w_BC,2i22_BC,I22,101,independent_local_motion,2i2w,BC,2i22,BC
384,387,133,IL.134,SUFC PROTEIN,2d2e_A,2d2f_A,"ADP,2xMG",101,independent_local_motion,2d2e,A,2d2f,A
385,388,134,IL.135,SYNAPTOTAGMIN IV,1w16_A,1w15_A,CA,101,independent_local_motion,1w16,A,1w15,A
386,389,0,B.1,ODORANT BINDING PROTEIN,1obp_AB,1pbo_AB,2xSES,10,burying_ligand_motion,1obp,AB,1pbo,AB
387,390,1,B.2,INTEGRIN ALPHA-M,1na5_A,1ido_A,MG,10,burying_ligand_motion,1na5,A,1ido,A
388,391,2,B.3,TRP OPERON REPRESSOR,3wrp_AA,2oz9_RR,2xTRP,10,burying_ligand_motion,3wrp,AA,2oz9,RR
389,392,3,B.4,MITE ALLERGEN DER F II,2f08_D,1xwv_B,XPE,10,burying_ligand_motion,2f08,D,1xwv,B
390,393,4,B.5,TRYPTOPHANYL-TRNA SYNTHETASE,2quk_AA,2quj_AB,"TRP,TYM",10,burying_ligand_motion,2quk,AA,2quj,AB
391,394,5,B.6,REPLICASE POLYPROTEIN 1AB,2acf_B,2fav_B,APR,10,burying_ligand_motion,2acf,B,2fav,B
392,395,6,B.7,NITROREDUCTASE-LIKE FAMILY PROTEIN,2i7h_EF,2i7h_AB,2xFMN,10,burying_ligand_motion,2i7h,EF,2i7h,AB
393,396,7,B.8,SUPEROXIDE DISMUTASE,1ozt_MN,1spd_AB,"2xCU,2xZN",10,burying_ligand_motion,1ozt,MN,1spd,AB
394,397,8,B.9,HISTIDINOL-PHOSPHATE AMINOTRANSFERASE,1uu0_CD,1uu2_AB,2xPMP,10,burying_ligand_motion,1uu0,CD,1uu2,AB
395,398,9,B.10,BETA-CRYPTOGEIN,1beo_A,1lri_A,CLR,10,burying_ligand_motion,1beo,A,1lri,A
396,399,10,B.11,SUBTILISIN NOVO,2sbt_A,1ubn_A,2xCA,10,burying_ligand_motion,2sbt,A,1ubn,A
397,400,11,B.12,BETA-GLUCOSIDASE,1hxj_AB,1v08_AB,4xNTZ,10,burying_ligand_motion,1hxj,AB,1v08,AB
398,401,12,B.13,T-CELL ECTO-ADP-RIBOSYLTRANSFERASE 2,1gy0_A,1gxz_B,BRT,10,burying_ligand_motion,1gy0,A,1gxz,B
399,402,13,B.14,CARBONIC ANHYDRASE II,1fqn_A,1xev_B,ZN,10,burying_ligand_motion,1fqn,A,1xev,B
400,403,14,B.15,SODIUM/CALCIUM EXCHANGER 1,2qvk_A,2qvm_A,CA,10,burying_ligand_motion,2qvk,A,2qvm,A
401,404,15,B.16,GLUCOSE-6-PHOSPHATE ISOMERASE,1x8e_AB,1x82_AA,2xPA5,10,burying_ligand_motion,1x8e,AB,1x82,AA
402,405,16,B.17,CHORISMATE MUTASE,2qbv_AA,2vkl_AA,2xMLT,10,burying_ligand_motion,2qbv,AA,2vkl,AA
403,406,17,B.18,ACYLAMINO-ACID-RELEASING ENZYME,2qzp_B,1ve7_A,4NP,10,burying_ligand_motion,2qzp,B,1ve7,A
404,407,18,B.19,LIPOATE-PROTEIN LIGASE A,2c7i_A,2art_A,"AMP,LPA,MG",10,burying_ligand_motion,2c7i,A,2art,A
405,408,19,B.20,DRP35,2dg0_L,2dso_A,2xCA,10,burying_ligand_motion,2dg0,L,2dso,A
406,409,20,B.21,HYPOTHETICAL PROTEIN VIOE,2zf3_CD,2zf4_AB,4xPPY,10,burying_ligand_motion,2zf3,CD,2zf4,AB
407,410,21,B.22,EGF-LIKE MODULE CONTAINING MUCIN-LIKE HORMONE RECEPTOR-LIKE 2 PRECURSOR,2box_A,2bo2_B,2xCA,10,burying_ligand_motion,2box,A,2bo2,B
408,411,22,B.23,RIBONUCLEOTIDE REDUCTASE R2,2av8_AB,1pfr_AB,4xFE,10,burying_ligand_motion,2av8,AB,1pfr,AB
409,412,23,B.24,GLUCOSE PHOSPHATE ISOMERASE,1jiq_AB,1nuh_AA,2xPA5,10,burying_ligand_motion,1jiq,AB,1nuh,AA
410,413,24,B.25,PSORIASIN,1psr_AB,3psr_AB,"2xCA,ZN",10,burying_ligand_motion,1psr,AB,3psr,AB
411,414,25,B.26,GLUTAMATE [NMDA] RECEPTOR SUBUNIT 3B,2rca_B,2rcb_A,DSN,10,burying_ligand_motion,2rca,B,2rcb,A
412,415,26,B.27,METHYLTHIORIBOSE-1-PHOSPHATE ISOMERASE,2yrf_AB,2yvk_AB,2xMRU,10,burying_ligand_motion,2yrf,AB,2yvk,AB
413,416,27,B.28,"2-HYDROXY-6-OXO-7-METHYLOCTA-2,4-DIENOATE HYDROLASE",1iun_AB,1uk9_AA,2xIVA,10,burying_ligand_motion,1iun,AB,1uk9,AA
414,417,28,B.29,PRECORRIN-8X METHYLMUTASE,1f2v_AA,1i1h_AA,2xCOJ,10,burying_ligand_motion,1f2v,AA,1i1h,AA
415,418,29,B.30,OHCU DECARBOXYLASE,2o70_CD,2o74_AB,2xGUN,10,burying_ligand_motion,2o70,CD,2o74,AB
416,419,30,B.31,CATION EFFLUX SYSTEM PROTEIN CUSF,2vb3_X,2vb2_X,CU,10,burying_ligand_motion,2vb3,X,2vb2,X
417,420,31,B.32,AMINE OXIDASE,1avk_AA,1ui7_AB,4xCU,10,burying_ligand_motion,1avk,AA,1ui7,AB
418,421,32,B.33,SIALIDASE B,2vw0_A,2vw1_A,DAN,10,burying_ligand_motion,2vw0,A,2vw1,A
419,422,33,B.34,SERINE HYDROLASE,1evq_A,1qz3_A,HDS,10,burying_ligand_motion,1evq,A,1qz3,A
420,423,34,B.35,URIDINE 5'-MONOPHOSPHATE SYNTHASE,2eaw_AB,3bgg_AA,2xBMP,10,burying_ligand_motion,2eaw,AB,3bgg,AA
421,424,35,B.36,NON-SPECIFIC LIPID TRANSFER PROTEIN,1mzl_A,1fk1_A,DAO,10,burying_ligand_motion,1mzl,A,1fk1,A
422,425,36,B.37,MALONAMIDASE E2,1o9n_AB,1ocl_AB,2xMLA,10,burying_ligand_motion,1o9n,AB,1ocl,AB
423,426,37,B.38,CHALCONE--FLAVONONE ISOMERASE 1,1jx1_A,1jx1_C,DFV,10,burying_ligand_motion,1jx1,A,1jx1,C
424,427,38,B.39,SEP-TRNA:CYS-TRNA SYNTHASE,2e7i_BB,2e7j_AB,2xPLP,10,burying_ligand_motion,2e7i,BB,2e7j,AB
425,428,39,B.40,PYRIDOXAL PHOSPHATE PHOSPHATASE,2oyc_AA,2p69_AA,"2xCA,2xPLP",10,burying_ligand_motion,2oyc,AA,2p69,AA
426,429,40,B.41,"2,3-DIHYDROXYBENZOATE-AMP LIGASE",1mdf_A,1md9_A,"AMP,DBH",10,burying_ligand_motion,1mdf,A,1md9,A
427,430,41,B.42,ARYLAMINE N-ACETYLTRANSFERASE,1w5r_AB,1w6f_AB,2xISZ,10,burying_ligand_motion,1w5r,AB,1w6f,AB
428,431,42,B.43,SERYL-TRNA SYNTHETASE,2zr3_AB,2dq0_AB,2xSSA,10,burying_ligand_motion,2zr3,AB,2dq0,AB
429,432,43,B.44,PHOSPHATIDYLETHANOLAMINE-BINDING PROTEIN 1,2iqy_A,2iqx_C,OPE,10,burying_ligand_motion,2iqy,A,2iqx,C
430,433,44,B.45,SUPEROXIDE DISMUTASE [FE],2bkb_CD,1za5_AB,2xFE,10,burying_ligand_motion,2bkb,CD,1za5,AB
431,434,45,B.46,YM1 SECRETORY PROTEIN,1vf8_A,1e9l_A,GCS,10,burying_ligand_motion,1vf8,A,1e9l,A
432,435,46,B.47,RUBREDOXIN,1fhm_A,1t9p_A,FE,10,burying_ligand_motion,1fhm,A,1t9p,A
433,436,47,B.48,RIBOSE-5-PHOSPHATE ISOMERASE B,1usl_AB,2vvo_CD,2xA6P,10,burying_ligand_motion,1usl,AB,2vvo,CD
434,437,48,B.49,"CARNITINE O-PALMITOYLTRANSFERASE II, MITOCHONDRIAL",2fyo_A,2fw3_A,BUI,10,burying_ligand_motion,2fyo,A,2fw3,A
435,438,49,B.50,STRICTOSIDINE SYNTHASE,2fp8_B,2fp9_A,TAR,10,burying_ligand_motion,2fp8,B,2fp9,A
436,439,50,B.51,RIBOFLAVIN BIOSYNTHESIS PROTEIN RIBD,2g6v_AB,2obc_AB,RP5,10,burying_ligand_motion,2g6v,AB,2obc,AB
437,440,51,B.52,P-AMINOBENZOATE N-OXYGENASE,3chi_AB,3cht_AB,4NB,10,burying_ligand_motion,3chi,AB,3cht,AB
438,441,52,B.53,3-OXOACYL-[ACYL-CARRIER-PROTEIN] SYNTHASE I,2byw_CD,2bui_AB,2xOCA,10,burying_ligand_motion,2byw,CD,2bui,AB
439,442,53,B.54,CALCIUM-GATED POTASSIUM CHANNEL MTHK,2aej_AB,2aef_AB,2xCA,10,burying_ligand_motion,2aej,AB,2aef,AB
440,443,54,B.55,P2 PROTEIN,1wac_A,1hhs_B,MN,10,burying_ligand_motion,1wac,A,1hhs,B
441,444,55,B.56,TROPONIN C,1ncz_A,5tnc_A,2xCA,10,burying_ligand_motion,1ncz,A,5tnc,A
442,445,56,B.57,CARBOXYPEPTIDASE A,1arl_A,1cpx_A,ZN,10,burying_ligand_motion,1arl,A,1cpx,A
443,446,57,B.58,SH3 AND MULTIPLE ANKYRIN REPEAT DOMAINS 3,2f3n_A,2f44_B,ZN,10,burying_ligand_motion,2f3n,A,2f44,B
444,447,58,B.59,INDOLE-3-GLYCEROL PHOSPHATE SYNTHASE,1juk_A,1lbl_A,137,10,burying_ligand_motion,1juk,A,1lbl,A
445,448,59,B.60,10-FORMYLTETRAHYDROFOLATE DEHYDROGENASE,2bw0_A,2cfi_A,ZZZ,10,burying_ligand_motion,2bw0,A,2cfi,A
446,449,60,B.61,PROBABLE 2-PHOSPHOSULFOLACTATE PHOSPHATASE,2yyv_AB,2yzo_AB,2xDMR,10,burying_ligand_motion,2yyv,AB,2yzo,AB
447,450,61,B.62,"L,D-TRANSPEPTIDASE",2hkl_B,1zat_A,ZN,10,burying_ligand_motion,2hkl,B,1zat,A
448,451,62,B.63,TRYPTOPHAN HALOGENASE,2oam_AB,2oa1_AB,"ADN,FAD,2xTRP",10,burying_ligand_motion,2oam,AB,2oa1,AB
449,452,63,B.64,3-METHYLASPARTATE AMMONIA-LYASE,1kko_AB,1kkr_AB,"2x3MD,2xMG",10,burying_ligand_motion,1kko,AB,1kkr,AB
450,453,64,B.65,34 KDA MEMBRANE ANTIGEN,2o6f_AB,2o6e_AB,3xZN,10,burying_ligand_motion,2o6f,AB,2o6e,AB
451,454,65,B.66,CATECHOL OXIDASE,1bt2_B,1bug_A,"2xCU,URS",10,burying_ligand_motion,1bt2,B,1bug,A
452,455,66,B.67,RUBRERYTHRIN,1lkp_AA,1dvb_AA,"4xFE,2xZN",10,burying_ligand_motion,1lkp,AA,1dvb,AA
453,456,67,B.68,ASTACIN,1iad_A,1iaa_A,CU,10,burying_ligand_motion,1iad,A,1iaa,A
454,457,68,B.69,GLYCEROPHOSPHORYL DIESTER PHOSPHODIESTERASE,2p76_D,2oog_F,ZN,10,burying_ligand_motion,2p76,D,2oog,F
455,458,69,B.70,JMJC DOMAIN-CONTAINING HISTONE DEMETHYLATION PROTEIN 1A,2yu2_A,2yu1_A,AKG,10,burying_ligand_motion,2yu2,A,2yu1,A
456,459,70,B.71,COCAINE ESTERASE,1l7r_A,1ju4_A,BEZ,10,burying_ligand_motion,1l7r,A,1ju4,A
457,460,71,B.72,EXO-BETA-D-GLUCOSAMINIDASE,2vzo_B,2vzs_A,GCS,10,burying_ligand_motion,2vzo,B,2vzs,A
458,461,72,B.73,DESULFOREDOXIN,1dcd_AB,1dxg_AB,2xFE,10,burying_ligand_motion,1dcd,AB,1dxg,AB
459,462,73,B.74,EPOXIDE HYDROLASE EPHB,2e3j_A,2zjf_A,BSU,10,burying_ligand_motion,2e3j,A,2zjf,A
460,463,74,B.75,D7R4 PROTEIN,2qev_A,2qeo_B,LNR,10,burying_ligand_motion,2qev,A,2qeo,B
461,464,75,B.76,SHORT-CHAIN Z-ISOPRENYL DIPHOSPHATE SYNTHETASE,2vfw_AB,2vg0_AB,2xGPP,10,burying_ligand_motion,2vfw,AB,2vg0,AB
462,465,76,B.77,BETA-HYDROXYDECANOYL THIOL ESTER DEHYDRASE,1mkb_AB,1mka_AB,2xDAC,10,burying_ligand_motion,1mkb,AB,1mka,AB
463,466,77,B.78,GLYOXALASE I,1fa8_AB,1f9z_AB,2xNI,10,burying_ligand_motion,1fa8,AB,1f9z,AB
464,467,78,B.79,HYDROXYNITRILE LYASE,3c6y_AA,1yas_AA,2xHIS,10,burying_ligand_motion,3c6y,AA,1yas,AA
465,468,79,B.80,ERMC' RRNA METHYLTRANSFERASE,1qam_A,1qaq_A,SFG,10,burying_ligand_motion,1qam,A,1qaq,A
466,469,80,B.81,LIPASE A,2veo_B,2veo_A,PG4,10,burying_ligand_motion,2veo,B,2veo,A
467,470,81,B.82,BICARBONATE TRANSPORTER,2i49_A,2i4c_A,CA,10,burying_ligand_motion,2i49,A,2i4c,A
468,471,82,B.83,PKS18,1tee_CD,1ted_CD,2xMYR,10,burying_ligand_motion,1tee,CD,1ted,CD
469,472,83,B.84,ISOPENTENYL-DIPHOSPHATE DELTA-ISOMERASE,1hzt_A,1r67_A,MG,10,burying_ligand_motion,1hzt,A,1r67,A
471,474,85,B.86,ALDOSE 1-EPIMERASE,1snz_B,1so0_A,GAL,10,burying_ligand_motion,1snz,B,1so0,A
472,475,86,B.87,HYPOTHETICAL PROTEIN SLR1257,1iiw_AA,1ii5_AA,2xGLU,10,burying_ligand_motion,1iiw,AA,1ii5,AA
473,476,87,B.88,METHIONINE AMINOPEPTIDASE 1,2b3l_A,2b3h_A,2xCO,10,burying_ligand_motion,2b3l,A,2b3h,A
474,477,88,B.89,PHENYLALANINE-4-HYDROXYLASE,2v28_AB,2v27_AB,2xFE,10,burying_ligand_motion,2v28,AB,2v27,AB
475,478,89,B.90,ESTERASE,1esc_AA,1ese_AA,2xDEP,10,burying_ligand_motion,1esc,AA,1ese,AA
476,479,90,B.91,ADP-RIBOSYLGLYCOHYDROLASE,2cwc_A,2yzv_A,2xMG,10,burying_ligand_motion,2cwc,A,2yzv,A
477,480,91,B.92,NUCLEOSIDE 2-DEOXYRIBOSYLTRANSFERASE,2a0k_AB,2f62_AB,2x12M,10,burying_ligand_motion,2a0k,AB,2f62,AB
478,481,92,B.93,XAA-PRO DIPEPTIDASE,2iw2_AB,2okn_AB,4xMN,10,burying_ligand_motion,2iw2,AB,2okn,AB
479,482,93,B.94,180AA LONG HYPOTHETICAL PYRAZINAMIDASE/NICOTINAMIDASE,1ilw_A,1im5_A,ZN,10,burying_ligand_motion,1ilw,A,1im5,A
480,483,94,B.95,RIBOSOME BIOGENESIS PROTEIN NEP1-LIKE,3bbe_AB,3bbh_AB,2xSFG,10,burying_ligand_motion,3bbe,AB,3bbh,AB
481,484,95,B.96,NICOTINATE-NUCLEOTIDE--DIMETHYLBENZIMIDAZOLE PHOSPHORIBOSYLTRANSFERASE,1l5n_AA,1l5l_AA,"2x7RP,2xNIO",10,burying_ligand_motion,1l5n,AA,1l5l,AA
482,485,96,B.97,ESTERASE YBFF,3bf7_A,3bf8_B,MLA,10,burying_ligand_motion,3bf7,A,3bf8,B
483,486,97,B.98,"GLUCOSE-6-PHOSPHATE ISOMERASE, CONJECTURAL",1tzb_AB,1tzc_AB,2xPA5,10,burying_ligand_motion,1tzb,AB,1tzc,AB
484,487,98,B.99,DIHYDROXYACETONE KINASE,1oi2_AB,1uod_AB,2xG3H,10,burying_ligand_motion,1oi2,AB,1uod,AB
485,488,99,B.100,325AA LONG HYPOTHETICAL PROTEIN,2dec_AB,2df8_AB,2xF1P,10,burying_ligand_motion,2dec,AB,2df8,AB
486,489,100,B.101,LIPOCALIN,3bu9_A,3bu1_A,HSM,10,burying_ligand_motion,3bu9,A,3bu1,A
487,490,101,B.102,AECTYLCITRULLINE DEACETYLASE,2f8h_AA,2f7v_AA,2xCO,10,burying_ligand_motion,2f8h,AA,2f7v,AA
488,491,102,B.103,LIPOYLTRANSFERASE,2qht_A,2qhv_A,OC9,10,burying_ligand_motion,2qht,A,2qhv,A
489,492,103,B.104,RIBOSE 5-PHOSPHATE ISOMERASE,1uj4_AA,1uj5_AA,2x5RP,10,burying_ligand_motion,1uj4,AA,1uj5,AA
490,493,0,N.1,EPIDERMAL GROWTH FACTOR RECEPTOR,1m14_A,2itp_A,AEE,1,no_significant_motion,1m14,A,2itp,A
491,494,1,N.2,TALIN,1mix_A,1miz_B,PEPT(GSHAWDTAN),1,no_significant_motion,1mix,A,1miz,B
492,495,2,N.3,NUDIX HOMOLOG,1jrk_CD,1k2e_AB,2xNI,1,no_significant_motion,1jrk,CD,1k2e,AB
493,496,3,N.4,CELL DIVISION PROTEIN FTSZ HOMOLOG 1,1w59_B,1w5e_E,GTP,1,no_significant_motion,1w59,B,1w5e,E
494,497,4,N.5,MONO-ADP-RIBOSYLTRANSFERASE C3,1g24_C,1gzf_B,NAD,1,no_significant_motion,1g24,C,1gzf,B
495,498,5,N.6,CHROMOSOME PARTITIONING PROTEIN PARB,1vz0_BG,1vz0_AC,2xCO,1,no_significant_motion,1vz0,BG,1vz0,AC
496,499,6,N.7,CHORISMATE MUTASE,2f6l_AB,2ao2_BC,TRP,1,no_significant_motion,2f6l,AB,2ao2,BC
497,500,7,N.8,AMYLOID BETA A4 PROTEIN-BINDING FAMILY B MEMBER 1,2idh_D,2oei_A,PEPT(PPPPPPLPP),1,no_significant_motion,2idh,D,2oei,A
498,501,8,N.9,TAX1-BINDING PROTEIN 3,3dj1_A,3diw_A,PEPT(QLAWFDTDL),1,no_significant_motion,3dj1,A,3diw,A
499,502,9,N.10,CTD SMALL PHOSPHATASE-LIKE PROTEIN,2hhl_B,2hhl_A,2xKEG,1,no_significant_motion,2hhl,B,2hhl,A
500,503,10,N.11,NON-CATALYTIC PROTEIN 1,1w90_A,1gwm_A,"4xBGC,CO,GLC",1,no_significant_motion,1w90,A,1gwm,A
501,504,11,N.12,HEPARIN-BINDING GROWTH FACTOR 1,2j3p_A,2uus_A,SCR,1,no_significant_motion,2j3p,A,2uus,A
502,505,12,N.13,CUA,2cua_A,2cua_B,ZN,1,no_significant_motion,2cua,A,2cua,B
503,506,13,N.14,SMALL INDUCIBLE CYTOKINE A5,1u4r_AB,1u4m_AB,H3S,1,no_significant_motion,1u4r,AB,1u4m,AB
504,507,14,N.15,RIBONUCLEASE III,1i4s_AB,1rc5_CD,2xMG,1,no_significant_motion,1i4s,AB,1rc5,CD
505,508,15,N.16,PCF11 PROTEIN,1sza_C,1sza_B,PEPT(PSYSPTSPS),1,no_significant_motion,1sza,C,1sza,B
506,509,16,N.17,DNA POLYMERASE III,1mmi_AB,1ok7_AB,PEPT(RQLVLGL),1,no_significant_motion,1mmi,AB,1ok7,AB
507,510,17,N.18,PEROXISOMAL MEMBRANE PROTEIN PAS20,1jqq_D,1n5z_A,PEPT(MPPTLPHRDW),1,no_significant_motion,1jqq,D,1n5z,A
508,511,18,N.19,HIGH-AFFINITY BRANCHED CHAIN AMINO ACID TRANSPORT ATP-BINDING PROTEIN,1gaj_A,1g6h_A,ADP,1,no_significant_motion,1gaj,A,1g6h,A
509,512,19,N.20,GAMMA-AMINOBUTYRIC ACID RECEPTOR-ASSOCIATED PROTEIN,1gnu_A,3d32_B,PEPT(DATYTWEHLAWP),1,no_significant_motion,1gnu,A,3d32,B
510,513,20,N.21,GALECTIN-7,5gal_A,4gal_B,"GAL,GLC",1,no_significant_motion,5gal,A,4gal,B
511,514,21,N.22,ALANINE DEHYDROGENASE,1vll_AB,1omo_AB,2xNAD,1,no_significant_motion,1vll,AB,1omo,AB
512,515,22,N.23,ESCU,3bzt_A,3c03_A,PRO,1,no_significant_motion,3bzt,A,3c03,A
513,516,23,N.24,ACETOIN UTILIZATION PROTEIN,2q04_E,2q04_C,CA,1,no_significant_motion,2q04,E,2q04,C
515,518,25,N.26,PEPTIDYL-TRNA HYDROLASE,1wn2_AA,2d3k_AB,ZN,1,no_significant_motion,1wn2,AA,2d3k,AB
517,520,27,N.28,HYPOTHETICAL PROTEIN PH1109,2d59_A,2d5a_A,COA,1,no_significant_motion,2d59,A,2d5a,A
518,521,28,N.29,DNA POLYMERASE,1wns_A,1wn7_A,NI,1,no_significant_motion,1wns,A,1wn7,A
519,522,29,N.30,TOPRIM DOMAIN-CONTAINING PROTEIN,2fcj_C,2i5r_B,MG,1,no_significant_motion,2fcj,C,2i5r,B
520,523,30,N.31,PLATELET-ACTIVATING FACTOR ACETYLHYDROLASE IB ALPHA SUBUNIT,1uuj_AB,1uuj_CD,BEZ,1,no_significant_motion,1uuj,AB,1uuj,CD
521,524,31,N.32,HEAT-SHOCK TRANSCRIPTION FACTOR,2hts_A,1fyk_A,RNA(NNNN),1,no_significant_motion,2hts,A,1fyk,A
522,525,32,N.33,3-PHOSPHOINOSITIDE DEPENDENT PROTEIN KINASE-1,1w1h_B,1w1d_A,4IP,1,no_significant_motion,1w1h,B,1w1d,A
523,526,33,N.34,HEAT SHOCK PROTEIN 90,1yes_A,3bmy_A,CXZ,1,no_significant_motion,1yes,A,3bmy,A
524,527,34,N.35,THIOREDOXIN,2h74_B,1tho_A,CU,1,no_significant_motion,2h74,B,1tho,A
525,528,35,N.36,ALPHA-AMYLASE G-6,2c3g_A,2c3h_B,2xGLC,1,no_significant_motion,2c3g,A,2c3h,B
526,529,36,N.37,PEPTIDYL-PROLYL CIS-TRANS ISOMERASE-LIKE 3,2ok3_A,2oju_B,"BMT,2xMLE,MVA",1,no_significant_motion,2ok3,A,2oju,B
527,530,37,N.38,SOLUBLE CYTOCHROME B562,1m6t_A,1lm3_D,HEM,1,no_significant_motion,1m6t,A,1lm3,D
528,531,38,N.39,CARBOXYMETHYLATED RHODANESE,1orb_A,1dp2_A,LPA,1,no_significant_motion,1orb,A,1dp2,A
529,532,39,N.40,CHEMOTAXIS PROTEIN CHEY,1u8t_C,1u8t_B,PEPT(SILSQAEIDALLN),1,no_significant_motion,1u8t,C,1u8t,B
530,533,40,N.41,ENTEROCINE A IMMUNITY PROTEIN,2bl7_A,2bl8_B,FLC,1,no_significant_motion,2bl7,A,2bl8,B
531,534,41,N.42,PEPTIDE N-GLYCANASE HOMOLOG,2ccq_A,2hpl_A,PEPT(DDLYG),1,no_significant_motion,2ccq,A,2hpl,A
532,535,42,N.43,SPLICING FACTOR 45,2pe8_A,2peh_A,PEPT(KRKSRWDETP),1,no_significant_motion,2pe8,A,2peh,A
533,536,43,N.44,PUTATIVE CORONAVIRUS NSP2 (3CL-PRO),1p9u_A,1p9u_B,PEPT(VNSTLQ),1,no_significant_motion,1p9u,A,1p9u,B
534,537,44,N.45,ALGINATE LYASE,2z42_A,2zaa_A,"BEM,2xLGU,MAW",1,no_significant_motion,2z42,A,2zaa,A
535,538,45,N.46,HEPATOCYTE GROWTH FACTOR,1nk1_AB,1gmo_EF,"IDS,3xSGN",1,no_significant_motion,1nk1,AB,1gmo,EF
536,539,46,N.47,RADIXIN,2d2q_B,2zpy_A,PEPT(QKKKLVING),1,no_significant_motion,2d2q,B,2zpy,A
537,540,47,N.48,ACYL CARRIER PROTEIN,1l0h_A,2fae_A,PM8,1,no_significant_motion,1l0h,A,2fae,A
538,541,48,N.49,CUTINASE,1xze_A,1xzk_A,DFP,1,no_significant_motion,1xze,A,1xzk,A
539,542,49,N.50,WD-REPEAT PROTEIN 5,2h68_B,2g9a_A,PEPT(ARTKQ),1,no_significant_motion,2h68,B,2g9a,A
540,543,50,N.51,GLGA GLYCOGEN SYNTHASE,2bis_B,2bis_A,GLC,1,no_significant_motion,2bis,B,2bis,A
541,544,51,N.52,CELL DIVISION PROTEIN ZIPA,1f46_A,1y2f_A,WAI,1,no_significant_motion,1f46,A,1y2f,A
542,545,52,N.53,ALPHA-AMYLASE G-6,2c3v_B,2c3w_B,6xGLC,1,no_significant_motion,2c3v,B,2c3w,B
543,546,53,N.54,RESPONSE REGULATOR RCP1,1i3c_AB,1jlk_AB,MN,1,no_significant_motion,1i3c,AB,1jlk,AB
544,547,54,N.55,AEROLYSIN,1z52_AB,3c0o_AB,2xM6P,1,no_significant_motion,1z52,AB,3c0o,AB
545,548,55,N.56,PROFILIN,1fil_A,1awi_A,PEPT(PPPPPPPPPP),1,no_significant_motion,1fil,A,1awi,A
546,549,56,N.57,GUANINE NUCLEOTIDE DISSOCIATION INHIBITOR,1gnd_A,1lv0_A,GER,1,no_significant_motion,1gnd,A,1lv0,A
547,550,57,N.58,ALANYL-TRNA SYNTHETASE,1yft_A,1yfr_B,"ATP,2xMG",1,no_significant_motion,1yft,A,1yfr,B
548,551,58,N.59,STRINGENT STARVATION PROTEIN B,1ox8_AB,1ox9_CD,3xPEPT(AANDENYA),1,no_significant_motion,1ox8,AB,1ox9,CD
549,552,59,N.60,FLAVIN REDUCTASE (HPAC) OF 4- HYDROXYPHENYLACETATE 3-MONOOXYGENAE,2ecr_AB,2ed4_AB,"2xFAD,2xNAD",1,no_significant_motion,2ecr,AB,2ed4,AB
550,553,60,N.61,HPV11 REGULATORY PROTEIN E2,1r6k_A,1r6n_A,2x434,1,no_significant_motion,1r6k,A,1r6n,A
551,554,61,N.62,FK506-BINDING PROTEIN 4,1p5q_B,1qz2_B,PEPT(MEEVD),1,no_significant_motion,1p5q,B,1qz2,B
552,555,62,N.63,ADP-RIBOSYLATION FACTOR BINDING PROTEIN GGA1,1jwf_A,1jwg_B,PEPT(DLLHI),1,no_significant_motion,1jwf,A,1jwg,B
553,556,63,N.64,NICOTINAMIDE PHOSPHORIBOSYLTRANSFERASE,2gvl_AB,2gvg_AC,2xNMN,1,no_significant_motion,2gvl,AB,2gvg,AC
554,557,64,N.65,M32 CARBOXYPEPTIDASE,1k9x_BC,1ka2_AA,2xMG,1,no_significant_motion,1k9x,BC,1ka2,AA
555,558,65,N.66,"ENDO-1,4-BETA-XYLANASE A",2dcz_B,2qz3_B,5xXYP,1,no_significant_motion,2dcz,B,2qz3,B
556,559,66,N.67,PROLINE IMINOPEPTIDASE,1xqv_A,1xrr_A,2xPRO,1,no_significant_motion,1xqv,A,1xrr,A
557,560,67,N.68,BOVINE GALECTIN-1,1slc_CD,1slb_CD,"GAL,NAG",1,no_significant_motion,1slc,CD,1slb,CD
558,561,68,N.69,TDP-FUCOSAMINE ACETYLTRANSFERASE,2fs5_AB,2ft0_AB,2xACO,1,no_significant_motion,2fs5,AB,2ft0,AB
559,562,69,N.70,DUAL SPECIFICITY PHOSPHATASE-LIKE 15 ISOFORM A,1yz4_B,1yz4_A,BOG,1,no_significant_motion,1yz4,B,1yz4,A
560,563,70,N.71,PHOSPHOLIPASE A2,1lwb_A,1kp4_A,CA,1,no_significant_motion,1lwb,A,1kp4,A
561,564,71,N.72,"ENDO-1,4-BETA-D-XYLANASE",2d1z_B,2d24_A,9xXYS,1,no_significant_motion,2d1z,B,2d24,A
562,565,72,N.73,PUTATIVE METHYLTRANSFERASE,2ckd_A,2uyq_A,SAM,1,no_significant_motion,2ckd,A,2uyq,A
563,566,73,N.74,50S RIBOSOMAL PROTEIN L9,2hvf_A,2hba_B,ZN,1,no_significant_motion,2hvf,A,2hba,B
564,567,74,N.75,THAUMATIN I,1pp3_A,2oqn_A,TAR,1,no_significant_motion,1pp3,A,2oqn,A
565,568,75,N.76,PSP OPERON TRANSCRIPTIONAL ACTIVATOR,2bjw_A,2c9c_A,ATP,1,no_significant_motion,2bjw,A,2c9c,A
566,569,76,N.77,GRIFFITHSIN,2gty_AB,2hyr_AB,7xGLC,1,no_significant_motion,2gty,AB,2hyr,AB
567,570,77,N.78,NUCLEAR PORE COMPLEX PROTEIN NUP98,2q5x_A,2q5y_A,PEPT(YGL),1,no_significant_motion,2q5x,A,2q5y,A
568,571,78,N.79,"ENDO-1,4-BETA-XYLANASE A",1knl_A,1mc9_A,2xXYP,1,no_significant_motion,1knl,A,1mc9,A
569,572,79,N.80,"ALPHA-D-GLUCOSE-1,6-BISPHOSPHATE",1lxt_B,3pmg_A,MG,1,no_significant_motion,1lxt,B,3pmg,A
570,573,80,N.81,SUCCINOGLYCAN BIOSYNTHESIS PROTEIN,2rad_B,3b55_A,CA,1,no_significant_motion,2rad,B,3b55,A
571,574,81,N.82,HYPOTHETICAL PROTEIN YODA,1oee_A,1oek_A,2xZN,1,no_significant_motion,1oee,A,1oek,A
572,575,82,N.83,CARNITINE ACETYLTRANSFERASE,1t7n_A,1ndi_A,COA,1,no_significant_motion,1t7n,A,1ndi,A
573,576,83,N.84,PROBABLE F420-DEPENDENT GLUCOSE-6-PHOSPHATE DEHYDROGENASE FGD1,3c8n_AB,3b4y_AB,"2xF42,2xFLC",1,no_significant_motion,3c8n,AB,3b4y,AB
574,577,84,N.85,DUAL SPECIFICITY PROTEIN PHOSPHATASE 3,1vhr_B,1j4x_A,PEPT(DDEATGYVATR),1,no_significant_motion,1vhr,B,1j4x,A
575,578,85,N.86,SIALIC ACID-BINDING IG-LIKE LECTIN 5,2zg2_A,2zg1_A,SIA,1,no_significant_motion,2zg2,A,2zg1,A
576,579,86,N.87,HEAT RESISTANT RNA DEPENDENT ATPASE,2gxu_AA,2gxs_AB,"2xAMP,3xCA",1,no_significant_motion,2gxu,AA,2gxs,AB
577,580,87,N.88,BILIVERDIN REDUCTASE A,1gcu_A,1lc3_A,2xNAD,1,no_significant_motion,1gcu,A,1lc3,A
578,581,88,N.89,ACETYLCHOLINESTERASE,1qim_AA,1zgc_AB,"2xA2E,3xNAG",1,no_significant_motion,1qim,AA,1zgc,AB
579,582,89,N.90,APOLIPOPROTEIN,4kiv_A,3kiv_A,ACA,1,no_significant_motion,4kiv,A,3kiv,A
580,583,90,N.91,"ATP SYNTHASE SUBUNIT S, MITOCHONDRIAL",3e2j_D,3e3z_A,PA0,1,no_significant_motion,3e2j,D,3e3z,A
581,584,91,N.92,PECTATE LYASE,1gxm_A,1gxo_A,"3xADA,CA",1,no_significant_motion,1gxm,A,1gxo,A
582,585,92,N.93,NEOCARZINOSTATIN,2cbm_A,2cbo_A,2xTH2,1,no_significant_motion,2cbm,A,2cbo,A
583,586,93,N.94,INOSITOL POLYPHOSPHATE MULTIKINASE,2if8_B,2if8_A,"ADP,MN",1,no_significant_motion,2if8,B,2if8,A
584,587,94,N.95,VIRGINIAMYCIN B LYASE,2z2n_A,2z2p_B,"DOL,2xMG,SYB",1,no_significant_motion,2z2n,A,2z2p,B
585,588,95,N.96,ADRENODOXIN 1,1ayf_B,2bt6_B,RUA,1,no_significant_motion,1ayf,B,2bt6,B
586,589,96,N.97,"FRUCTOSE-2,6-BISPHOSPHATASE",1fbt_AB,1c80_AB,2xGTP,1,no_significant_motion,1fbt,AB,1c80,AB
587,590,97,N.98,DIHYDROFOLATE REDUCTASE,1cz3_AB,1d1g_AB,"2xMTX,2xNDP",1,no_significant_motion,1cz3,AB,1d1g,AB
588,591,98,N.99,KELCH-LIKE ECH-ASSOCIATED PROTEIN 1,1x2j_A,1x2r_A,PEPT(LDEETGEFL),1,no_significant_motion,1x2j,A,1x2r,A
589,592,99,N.100,E3 UBIQUITIN-PROTEIN LIGASE UHRF1,3dwh_A,3bi7_A,UNL,1,no_significant_motion,3dwh,A,3bi7,A
590,593,100,N.101,QUINOLINATE ACID PHOSPHORIBOSYL TRANSFERASE,1qpo_AB,1qpr_EF,"2xPHT,2xPPC",1,no_significant_motion,1qpo,AB,1qpr,EF
591,594,101,N.102,SYNAPSE ASSOCIATED PROTEIN 97,2awx_A,2g2l_A,PEPT(ATGL),1,no_significant_motion,2awx,A,2g2l,A
592,595,102,N.103,AGGLUTININ ISOLECTIN 1,1wgc_AA,2uvo_AB,"2xNAG,5xNDG",1,no_significant_motion,1wgc,AA,2uvo,AB
593,596,103,N.104,HELIX-TURN-HELIX MOTIF,2a6c_AA,2a6c_BB,2xCIT,1,no_significant_motion,2a6c,AA,2a6c,BB
594,597,104,N.105,HISTONE HMFB,1b6w_AA,1a7w_AA,2xZN,1,no_significant_motion,1b6w,AA,1a7w,AA
595,598,105,N.106,SUN PROTEIN,1sqg_A,1sqf_A,SAM,1,no_significant_motion,1sqg,A,1sqf,A
596,599,106,N.107,MYO-INOSITOL HEXAPHOSPHATE PHOSPHOHYDROLASE,1u24_B,1u26_A,2xIHS,1,no_significant_motion,1u24,B,1u26,A
597,600,107,N.108,"1,3-1,4-BETA-GLUCANASE",1glh_A,1byh_A,"BGC,CA,GLC",1,no_significant_motion,1glh,A,1byh,A
598,601,108,N.109,GLUCOSAMINE 6-PHOSPHATE N-ACETYLTRANSFERASE,2huz_AB,2o28_AB,"16G,2xCOA",1,no_significant_motion,2huz,AB,2o28,AB
599,602,109,N.110,L-3-HYDROXYACYL-COA DEHYDROGENASE,1f14_AB,1f12_AB,3HC,1,no_significant_motion,1f14,AB,1f12,AB
600,603,110,N.111,DNA LIGASE-LIKE PROTEIN RV0938/MT0965,2iru_A,2iry_B,"DGT,MN",1,no_significant_motion,2iru,A,2iry,B
601,604,111,N.112,FERROCHELATASE,2h1v_A,1c1h_A,MMP,1,no_significant_motion,2h1v,A,1c1h,A
602,605,112,N.113,PROTEIN CYAY,1ew4_A,2eff_A,CO,1,no_significant_motion,1ew4,A,2eff,A
603,606,113,N.114,COENZYME F420H2:NADP+ OXIDOREDUCTASE (FNO),1jax_AB,1jay_AB,"2xF42,2xNAP",1,no_significant_motion,1jax,AB,1jay,AB
604,607,114,N.115,SEGREGATION PROTEIN,1wcv_11,2bej_AA,"2xADP,2xMG",1,no_significant_motion,1wcv,11,2bej,AA
605,608,115,N.116,D-ALANYL-D-ALANINE CARBOXYPEPTIDASE,1w79_D,1w8y_B,NCF,1,no_significant_motion,1w79,D,1w8y,B
606,609,116,N.117,AVIRULENCE B PROTEIN,1nh1_A,2nun_A,ADP,1,no_significant_motion,1nh1,A,2nun,A
607,610,117,N.118,FACT COMPLEX SUBUNIT SPT16,3cb6_A,3cb5_A,B3P,1,no_significant_motion,3cb6,A,3cb5,A
608,611,118,N.119,HYPOTHETICAL PROTEIN YDCE,1gyj_AB,1gyx_AB,BEZ,1,no_significant_motion,1gyj,AB,1gyx,AB
609,612,119,N.120,MANNOSE/GLUCOSE-SPECIFIC LECTIN,1zgr_AB,1zgs_AB,6xXMM,1,no_significant_motion,1zgr,AB,1zgs,AB
610,613,120,N.121,PROTEIN KINASE C INTERACTING PROTEIN,1kpc_AB,1kpf_AA,2xAMP,1,no_significant_motion,1kpc,AB,1kpf,AA
611,614,121,N.122,AMINOADIPATE-SEMIALDEHYDE DEHYDROGENASE- PHOSPHOPANTETHEINYL TRANSFERASE,2byd_A,2c43_A,"COA,MG",1,no_significant_motion,2byd,A,2c43,A
612,615,122,N.123,METHIONINE REPRESSOR PROTEIN METJ,1cmb_AB,1mjl_AB,2xSAM,1,no_significant_motion,1cmb,AB,1mjl,AB
613,616,123,N.124,LYSOZYME,1h09_A,2j8g_A,"AMV,DGL,NAG",1,no_significant_motion,1h09,A,2j8g,A
614,617,124,N.125,CHEMOTAXIS PROTEIN MOTB,3cyp_BC,3cyq_KL,AMU,1,no_significant_motion,3cyp,BC,3cyq,KL
615,618,125,N.126,PUTATIVE DIOXYGENASE,2nyh_AB,2p8i_CD,CIT,1,no_significant_motion,2nyh,AB,2p8i,CD
616,619,126,N.127,FATTY ACID SYNTHASE,2jfd_A,2jfk_D,COA,1,no_significant_motion,2jfd,A,2jfk,D
617,620,127,N.128,MRNA CAPPING ENZYME,1ri5_A,1ri2_A,GTG,1,no_significant_motion,1ri5,A,1ri2,A
618,621,128,N.129,ALPHA-11 GIARDIN,2ii2_A,2iic_B,CA,1,no_significant_motion,2ii2,A,2iic,B
619,622,129,N.130,SULFOLOBUS SOLFATARICUS PROTEIN TYROSINE PHOSPHATASE,2i6i_A,2i6p_A,4NP,1,no_significant_motion,2i6i,A,2i6p,A
620,623,130,N.131,PROTEASE,1tw7_AB,1rv7_AB,AB1,1,no_significant_motion,1tw7,AB,1rv7,AB
621,624,131,N.132,NEUROTOXIN ALPHA-IT,2atb_B,2asc_A,DR8,1,no_significant_motion,2atb,B,2asc,A
622,625,132,N.133,CHAPERONE PROTEIN HCHA,1n57_AA,1ons_AA,2xZN,1,no_significant_motion,1n57,AA,1ons,AA
623,626,133,N.134,70-KDA SOLUBLE LYTIC TRANSGLYCOSYLASE,1qsa_A,1sly_A,BLG,1,no_significant_motion,1qsa,A,1sly,A
624,627,134,N.135,NH(3)-DEPENDENT NAD(+) SYNTHETASE,1xnh_AA,1xng_AB,"2xATP,2xDND",1,no_significant_motion,1xnh,AA,1xng,AB
626,629,136,N.137,CAPSID PROTEIN,2obr_AA,2obt_AA,2xFUC,1,no_significant_motion,2obr,AA,2obt,AA
627,630,137,N.138,PAPAIN,1ppn_A,4pad_A,"LYM,TOS",1,no_significant_motion,1ppn,A,4pad,A
628,631,138,N.139,THREONYL-TRNA SYNTHETASE,1tje_A,1tkg_A,SSA,1,no_significant_motion,1tje,A,1tkg,A
629,632,139,N.140,HEAT SHOCK PROTEIN 90,1ah6_AA,1amw_AA,2xADP,1,no_significant_motion,1ah6,AA,1amw,AA
630,633,140,N.141,GALECTIN-9,2eak_B,2eal_B,"A2G,GAL,NGA",1,no_significant_motion,2eak,B,2eal,B
631,634,141,N.142,ISOLEUCYL-TRNA SYNTHETASE,1wny_A,1wk8_B,VMS,1,no_significant_motion,1wny,A,1wk8,B
632,635,142,N.143,5-METHYLTETRAHYDROFOLATE CORRINOID/IRON SULFUR PROTEIN METHYLTRANSFERASE,1f6y_AB,2ogy_AB,"2xC2F,CA",1,no_significant_motion,1f6y,AB,2ogy,AB
633,636,143,N.144,ADP-RIBOSYLATION FACTOR BINDING PROTEIN GGA1,1na8_B,1om9_A,PEPT(DDFGGFEAAET),1,no_significant_motion,1na8,B,1om9,A
634,637,144,N.145,GLUCOAMYLASE,1ayx_A,2f6d_A,2xACR,1,no_significant_motion,1ayx,A,2f6d,A
635,638,145,N.146,EOSINOPHIL GRANULE MAJOR BASIC PROTEIN 1,1h8u_B,2brs_B,SGN,1,no_significant_motion,1h8u,B,2brs,B
636,639,146,N.147,RIBONUCLEASE MC,1bk7_A,1ucg_A,MN,1,no_significant_motion,1bk7,A,1ucg,A
637,640,147,N.148,HISTIDINOL DEHYDROGENASE,1k75_AB,1kae_AB,"DTT,HSO,2xNAD,2xZN",1,no_significant_motion,1k75,AB,1kae,AB
638,641,148,N.149,RIBONUCLEASE II FAMILY PROTEIN,2r7f_A,2r7d_A,MG,1,no_significant_motion,2r7f,A,2r7d,A
639,642,149,N.150,ENDO-BETA-N-ACETYLGLUCOSAMINIDASE H,1c3f_A,1c8y_A,ZN,1,no_significant_motion,1c3f,A,1c8y,A
640,643,150,N.151,PUTATIVE DINUCLEOTIDE-BINDING OXIDOREDUCTASE,2raf_CC,2raf_AB,NAP,1,no_significant_motion,2raf,CC,2raf,AB
641,644,151,N.152,DEACETOXYCEPHALOSPORIN C SYNTHASE,1w28_A,1w2o_A,"FE,P1C",1,no_significant_motion,1w28,A,1w2o,A
642,645,152,N.153,3-HYDROXY-3-METHYLGLUTARYL-COENZYME A REDUCTASE,1r7i_AB,1t02_AB,LVA,1,no_significant_motion,1r7i,AB,1t02,AB
643,646,153,N.154,HYPOTHETICAL UPF0052 PROTEIN BH3568,2hzb_CD,2o2z_CD,2xNAD,1,no_significant_motion,2hzb,CD,2o2z,CD
644,647,154,N.155,MITOTIC SPINDLE ASSEMBLY CHECKPOINT PROTEIN MAD2A,2vfx_D,2vfx_F,PE3,1,no_significant_motion,2vfx,D,2vfx,F
645,648,155,N.156,RNA-BINDING PROTEIN 16,3d9i_B,3d9p_A,PEPT(YP),1,no_significant_motion,3d9i,B,3d9p,A
646,649,156,N.157,HYPOTHETICAL TRNA/RRNA METHYLTRANSFERASE HI0766,1j85_AA,1mxi_AA,2xSAH,1,no_significant_motion,1j85,AA,1mxi,AA
647,650,157,N.158,PHOSPHATIDYLINOSITOL-SPECIFIC PHOSPHOLIPASE C,4ptd_A,1gym_A,MYG,1,no_significant_motion,4ptd,A,1gym,A
648,651,158,N.159,COPPER HOMEOSTASIS PROTEIN CUTC,1twd_AB,1x8c_AB,CA,1,no_significant_motion,1twd,AB,1x8c,AB
649,652,159,N.160,AEROBIC RESPIRATION CONTROL SENSOR PROTEIN ARCB,1bdj_B,2a0b_A,ZN,1,no_significant_motion,1bdj,B,2a0b,A
650,653,160,N.161,"TRANSPOSASE, PUTATIVE",2f5g_AB,2f4f_AB,2xMN,1,no_significant_motion,2f5g,AB,2f4f,AB
651,654,161,N.162,PECTIN METHYLESTERASE,1qjv_A,2nt9_A,"ADA,3xM8C",1,no_significant_motion,1qjv,A,2nt9,A
652,655,162,N.163,PROTEIN TM_1862,2qgq_G,2qgq_A,CXS,1,no_significant_motion,2qgq,G,2qgq,A
653,656,163,N.164,AKAP18 DELTA,2vfy_A,2vfk_A,AMP,1,no_significant_motion,2vfy,A,2vfk,A
654,657,164,N.165,MALATE OXIDOREDUCTASE,1ww8_AB,2dvm_AB,2xNAD,1,no_significant_motion,1ww8,AB,2dvm,AB
655,658,165,N.166,ENTEROCHELIN ESTERASE,3c8h_CD,3c8d_CD,2xCIT,1,no_significant_motion,3c8h,CD,3c8d,CD
656,659,166,N.167,SYNTENIN 1,1r6j_A,1oby_A,"PEPT(NEFYA),PEPT(TNEFYA)",1,no_significant_motion,1r6j,A,1oby,A
657,660,167,N.168,EPIDERMOLYTIC TOXIN A,1agj_A,1exf_A,GLY,1,no_significant_motion,1agj,A,1exf,A
658,661,168,N.169,TT0826,1v8q_C,1v8q_D,DTT,1,no_significant_motion,1v8q,C,1v8q,D
659,662,169,N.170,CHITOSANASE,2d05_A,1qgi_A,"GCS,NAG",1,no_significant_motion,2d05,A,1qgi,A
660,663,170,N.171,LONG-CHAIN FATTY ACID TRANSPORT PROTEIN,2r88_A,2r8a_A,3xC8E,1,no_significant_motion,2r88,A,2r8a,A
661,664,171,N.172,STAGE V SPORULATION PROTEIN S (SPOVS) RELATED PROTEIN,2eh1_A,2eh1_B,ZN,1,no_significant_motion,2eh1,A,2eh1,B
662,665,172,N.173,NUCLEAR TRANSPORT FACTOR 2,1gy7_CD,1gyb_CD,"PEPT(GFSF),PEPT(FSF)",1,no_significant_motion,1gy7,CD,1gyb,CD
663,666,173,N.174,ENDOGLUCANASE,1l8f_A,1oa7_A,CBI,1,no_significant_motion,1l8f,A,1oa7,A
664,667,174,N.175,PROBABLE ATP-DEPENDENT DNA LIGASE,2fao_A,2faq_B,"ATP,2xMN",1,no_significant_motion,2fao,A,2faq,B
665,668,175,N.176,DNA-(APURINIC OR APYRIMIDINIC SITE) LYASE,1e9n_B,2isi_B,MG,1,no_significant_motion,1e9n,B,2isi,B
666,669,176,N.177,METHIONINE AMINOPEPTIDASE,4mat_A,3mat_A,"PEPT(AL),AHH,2xCO",1,no_significant_motion,4mat,A,3mat,A
667,670,177,N.178,TYROSINE-PROTEIN PHOSPHATASE YIL113W,2j16_B,2j17_A,"MG,PTR",1,no_significant_motion,2j16,B,2j17,A
668,671,178,N.179,KETOHEXOKINASE,2hqq_AA,2hw1_AA,"2xANP,2xFRU",1,no_significant_motion,2hqq,AA,2hw1,AA
669,672,179,N.180,OUTER MEMBRANE PROTEIN X,1qj9_A,1qj8_A,C8E,1,no_significant_motion,1qj9,A,1qj8,A
670,673,180,N.181,CDC14B2 PHOSPHATASE,1ohd_A,1ohe_A,PEPT(ASP),1,no_significant_motion,1ohd,A,1ohe,A
671,674,181,N.182,WERNER SYNDROME HELICASE,2fbt_A,2fc0_A,"DGP,MN",1,no_significant_motion,2fbt,A,2fc0,A
672,675,182,N.183,PROLYL ENDOPEPTIDASE,1vz2_A,1o6g_A,"PRO,SIN",1,no_significant_motion,1vz2,A,1o6g,A
673,676,183,N.184,E3 UBIQUITIN-PROTEIN LIGASE UHRF1,3db4_A,3db3_A,PEPT(RKS),1,no_significant_motion,3db4,A,3db3,A
674,677,184,N.185,COAGULATION FACTOR V,1czt_A,1czs_A,PHG,1,no_significant_motion,1czt,A,1czs,A
675,678,185,N.186,DISULFIDE OXIDOREDUCTASE,2rem_A,2rem_C,PEPT(XXXXXXXX),1,no_significant_motion,2rem,A,2rem,C
676,679,186,N.187,PREPROTEIN TRANSLOCASE SECA 1 SUBUNIT,1nl3_AB,1nkt_AB,"2xADP,MG",1,no_significant_motion,1nl3,AB,1nkt,AB
677,680,187,N.188,DNA INTEGRITY SCANNING PROTEIN DISA,3c1z_A,3c1y_B,2BA,1,no_significant_motion,3c1z,A,3c1y,B
678,681,188,N.189,BETA FRUCTOSIDASE,1uyp_D,1w2t_A,"CIT,GLA,SUC",1,no_significant_motion,1uyp,D,1w2t,A
679,682,189,N.190,DELTA1-PIPERIDEINE-2-CARBOXYLATE REDUCTASE,1wtj_AB,2cwh_AB,"2xNDP,2xPYC",1,no_significant_motion,1wtj,AB,2cwh,AB
680,683,190,N.191,YCGJ PROTEIN,1xxl_A,2glu_B,SAM,1,no_significant_motion,1xxl,A,2glu,B
681,684,191,N.192,T-CELL IMMUNOGLOBULIN AND MUCIN DOMAIN- CONTAINING PROTEIN 4,3bi9_X,3bib_X,PSF,1,no_significant_motion,3bi9,X,3bib,X
682,685,192,N.193,EPOXIDE HYDROLASE,1cqz_AB,1ek2_AB,2xCDU,1,no_significant_motion,1cqz,AB,1ek2,AB
683,686,193,N.194,GLUCURONOSYLTRANSFERASE GUMK,2hy7_A,2q6v_A,UDP,1,no_significant_motion,2hy7,A,2q6v,A
684,687,194,N.195,RIBONUCLEASE HIII,2d0a_A,2d0c_A,MN,1,no_significant_motion,2d0a,A,2d0c,A
685,688,195,N.196,ENDOCHITINASE,2uy2_A,2uy3_A,H33,1,no_significant_motion,2uy2,A,2uy3,A
686,689,196,N.197,LYSINE BIOSYNTHESIS ENZYME,1uc8_AB,1uc9_AB,2xADP,1,no_significant_motion,1uc8,AB,1uc9,AB
687,690,197,N.198,SQUALENE-HOPENE CYCLASE,3sqc_A,2sqc_A,4xC8E,1,no_significant_motion,3sqc,A,2sqc,A
689,692,199,N.200,FORMATE ACETYLTRANSFERASE 1,2pfl_AB,1h16_AA,"2xCOA,4xDTL,6xPG4",1,no_significant_motion,2pfl,AB,1h16,AA
690,693,200,N.201,POLY(ADP-RIBOSE) POLYMERASE,2paw_A,1efy_A,BZC,1,no_significant_motion,2paw,A,1efy,A
691,694,201,N.202,UNCHARACTERIZED PROTEIN AT2G37210/T2N18.3,2q4o_AB,2a33_AB,MG,1,no_significant_motion,2q4o,AB,2a33,AB
692,695,202,N.203,GLUCOAMYLASE,1lf6_B,1lf9_A,ACR,1,no_significant_motion,1lf6,B,1lf9,A
693,696,203,N.204,COPPER TRANSPORT PROTEIN ATOX1,1fe4_AB,1fee_AB,SUC,1,no_significant_motion,1fe4,AB,1fee,AB
694,697,204,N.205,CURA,2ree_B,2ref_A,ACO,1,no_significant_motion,2ree,B,2ref,A
695,698,205,N.206,UROPORPHYRINOGEN DECARBOXYLASE,2q6z_AA,2q71_AA,2xCP3,1,no_significant_motion,2q6z,AA,2q71,AA
696,699,206,N.207,HYPOTHETICAL PROTEIN AQ_1549,2egt_AA,2e8e_AA,2xDTT,1,no_significant_motion,2egt,AA,2e8e,AA
697,700,207,N.208,"CELLULOSE 1,4-BETA-CELLOBIOSIDASE",1ut9_A,1rq5_A,"2xCA,CTT",1,no_significant_motion,1ut9,A,1rq5,A
698,701,208,N.209,65 KDA VIRULENCE PROTEIN,2gwm_A,2gwl_A,NAD,1,no_significant_motion,2gwm,A,2gwl,A
699,702,209,N.210,HOMER 2B,1i7a_C,1i7a_D,PHE,1,no_significant_motion,1i7a,C,1i7a,D
700,703,210,N.211,GREEN FLUORESCENT PROTEIN,1qyo_A,1jbz_A,2xMG,1,no_significant_motion,1qyo,A,1jbz,A
701,704,211,N.212,OUTER MEMBRANE PROTEIN W,2f1v_B,2f1t_C,"C8E,LDA",1,no_significant_motion,2f1v,B,2f1t,C
702,705,212,N.213,HYPOTHETICAL PROTEIN PH0236,2bkn_AA,2bko_AA,2xCA,1,no_significant_motion,2bkn,AA,2bko,AA
703,706,213,N.214,DEXTRANASE,1ogm_X,1ogo_X,"BGC,GLC",1,no_significant_motion,1ogm,X,1ogo,X
704,707,214,N.215,OUTER SURFACE PROTEIN C,1f1m_AB,1f1m_CD,ZN,1,no_significant_motion,1f1m,AB,1f1m,CD
705,708,215,N.216,BIPHENYL DIOXYGENASE FERREDOXIN SUBUNIT,2e4p_B,2e4p_A,TRE,1,no_significant_motion,2e4p,B,2e4p,A
706,709,216,N.217,PHOSPHATASE,1ebb_A,1h2f_A,VA3,1,no_significant_motion,1ebb,A,1h2f,A
707,710,217,N.218,F17-AG LECTIN,1o9z_A,1o9w_A,NAG,1,no_significant_motion,1o9z,A,1o9w,A
708,711,218,N.219,14.3.D T CELL RECEPTOR BETA CHAIN,1l0x_A,1l0y_C,ZN,1,no_significant_motion,1l0x,A,1l0y,C
709,712,219,N.220,3-METHYLADENINE DNA-GLYCOSYLASE,2jhj_A,2jhn_B,MBO,1,no_significant_motion,2jhj,A,2jhn,B
710,713,220,N.221,THYMIDYLATE KINASE,2cck_AB,2ccj_AB,3xTMP,1,no_significant_motion,2cck,AB,2ccj,AB
711,714,221,N.222,TRNA DELTA(2)-ISOPENTENYLPYROPHOSPHATE TRANSFERASE,3crm_A,3crq_A,DPO,1,no_significant_motion,3crm,A,3crq,A
712,715,222,N.223,PECTATE LYASE C,1plu_A,2ewe_A,"4xADA,CA",1,no_significant_motion,1plu,A,2ewe,A
713,716,223,N.224,UNCHARACTERIZED PROTEIN MJ1062,3eo4_CD,3eo4_AB,PG6,1,no_significant_motion,3eo4,CD,3eo4,AB
714,717,224,N.225,GLYCOGENIN-1,1ll3_AA,1ll2_AA,"2xMN,2xUPG",1,no_significant_motion,1ll3,AA,1ll2,AA
715,718,225,N.226,DESIGNED PROTEIN CTPR2,1na3_A,1na3_B,IPT,1,no_significant_motion,1na3,A,1na3,B
716,719,226,N.227,PHENYLALANINE-4-HYDROXYLASE,1ltu_A,1ltz_A,"FE,HBI",1,no_significant_motion,1ltu,A,1ltz,A
717,720,227,N.228,PLATELET-ACTIVATING FACTOR ACETYLHYDROLASE,3d59_B,3d5e_B,DEP,1,no_significant_motion,3d59,B,3d5e,B
718,721,228,N.229,HDLP (HISTONE DEACETYLASE-LIKE PROTEIN),1c3p_A,1c3r_B,"TSN,ZN",1,no_significant_motion,1c3p,A,1c3r,B
719,722,229,N.230,BETA-N-ACETYLHEXOSAMINIDASE,1qba_A,1c7s_A,CBS,1,no_significant_motion,1qba,A,1c7s,A
720,723,230,N.231,ALDOSE 1-EPIMERASE,1l7j_AB,1mmu_AB,2xGLC,1,no_significant_motion,1l7j,AB,1mmu,AB
721,724,231,N.232,APOLIPOPROTEIN D,2hzr_A,2hzq_A,STR,1,no_significant_motion,2hzr,A,2hzq,A
722,725,232,N.233,PROPIONATE KINASE,2e1y_AA,2e20_AA,2xB4P,1,no_significant_motion,2e1y,AA,2e20,AA
723,726,233,N.234,DYSTROPHIN,1eg3_A,1eg4_A,PEPT(NMTPYRSPPPYVP),1,no_significant_motion,1eg3,A,1eg4,A
724,727,234,N.235,UNDECAPRENYL PYROPHOSPHATE SYNTHASE,2d2r_AB,2dtn_AB,DPO,1,no_significant_motion,2d2r,AB,2dtn,AB
725,728,235,N.236,BIRA BIFUNCTIONAL PROTEIN,1bia_A,1bib_A,BTN,1,no_significant_motion,1bia,A,1bib,A
726,729,236,N.237,CD44 ANTIGEN,2jcp_A,2jcr_A,"2xBDP,3xNAG",1,no_significant_motion,2jcp,A,2jcr,A
727,730,237,N.238,GLUTAMATE RACEMASE,1b73_AA,1b74_AA,2xDGN,1,no_significant_motion,1b73,AA,1b74,AA
728,731,238,N.239,UROPORPHYRIN-III C-METHYLTRANSFERASE,1va0_AB,1v9a_AB,"2xFLC,2xSAH",1,no_significant_motion,1va0,AB,1v9a,AB
729,732,239,N.240,UNSATURATED GLUCURONYL HYDROLASE,2fv0_B,2fv1_B,"GAD,NDG",1,no_significant_motion,2fv0,B,2fv1,B
730,733,240,N.241,MODIFICATION METHYLASE RSRI,1nw8_A,1nw5_A,SAM,1,no_significant_motion,1nw8,A,1nw5,A
731,734,241,N.242,ALKANE MONOXYGENASE,3b9n_AB,3b9o_AB,2xFMN,1,no_significant_motion,3b9n,AB,3b9o,AB
732,735,242,N.243,DIPHTHERIA TOXIN,1sgk_AA,1ddt_AA,2xAPU,1,no_significant_motion,1sgk,AA,1ddt,AA
733,736,243,N.244,SUGAR-BINDING TRANSPORT ATP-BINDING PROTEIN,1v43_AA,1vci_AA,2xATP,1,no_significant_motion,1v43,AA,1vci,AA
734,737,244,N.245,MANNOSE RECEPTOR,1dqg_A,1fwu_A,SGA,1,no_significant_motion,1dqg,A,1fwu,A
736,739,246,N.247,HOMOSERINE O-SUCCINYLTRANSFERASE,2ghr_AA,2vdj_AA,2xHSE,1,no_significant_motion,2ghr,AA,2vdj,AA
737,740,247,N.248,FEMX,1xix_A,1ne9_A,2xMG,1,no_significant_motion,1xix,A,1ne9,A
738,741,248,N.249,ESSENTIAL FOR MITOTIC GROWTH 1,2v3j_A,2v3k_A,SAM,1,no_significant_motion,2v3j,A,2v3k,A
740,743,250,N.251,MOLYBDENUM TRANSPORT PROTEIN MODE,1h9s_AB,1h9r_AB,NI,1,no_significant_motion,1h9s,AB,1h9r,AB
741,744,251,N.252,"5,10-METHYLENETETRAHYDROFOLATE DEHYDROGENASE",1edz_AA,1ee9_AA,2xNAD,1,no_significant_motion,1edz,AA,1ee9,AA
742,745,252,N.253,EXOSOME COMPLEX EXONUCLEASE RRP6,2hbj_A,2hbm_A,"U,ZN",1,no_significant_motion,2hbj,A,2hbm,A
743,746,253,N.254,"BETA-1,3-N-ACETYLGLUCOSAMINYLTRANSFERASE MANIC FRINGE",2j0a_A,2j0b_A,"MN,UDP",1,no_significant_motion,2j0a,A,2j0b,A
744,747,254,N.255,CELLVIBRIO JAPONICUS MANNANASE CJMAN26C,2vx4_A,2vx7_A,MAB,1,no_significant_motion,2vx4,A,2vx7,A
745,748,255,N.256,EPOXIDE HYDROLASE,3cxu_B,2cjp_A,PG4,1,no_significant_motion,3cxu,B,2cjp,A
746,749,256,N.257,CYTOSOLIC 5'-NUCLEOTIDASE III,2g0a_B,2g09_A,"MG,PIN",1,no_significant_motion,2g0a,B,2g09,A
747,750,257,N.258,PUTATIVE EXOTOXIN (SUPERANTIGEN),1ty0_AB,1ty2_AB,2xZN,1,no_significant_motion,1ty0,AB,1ty2,AB
748,751,258,N.259,ENDOGLUCANASE A,1cem_A,1kwf_A,5xGLC,1,no_significant_motion,1cem,A,1kwf,A
749,752,259,N.260,GLUTAMATE RACEMASE,2jfu_AA,2jfv_AA,2xFLC,1,no_significant_motion,2jfu,AA,2jfv,AA
750,753,260,N.261,HYPOTHETICAL PROTEIN APE0525,1zs7_A,2cx1_A,TLA,1,no_significant_motion,1zs7,A,2cx1,A
751,754,261,N.262,METALLOPROTEINASE,1kuf_A,1kug_A,PEPT(ENW),1,no_significant_motion,1kuf,A,1kug,A
752,755,262,N.263,DNA-3-METHYLADENINE GLYCOSYLASE II,1mpg_B,1pvs_A,7HP,1,no_significant_motion,1mpg,B,1pvs,A
753,756,263,N.264,FKBP-TYPE PEPTIDYL-PROLYL CIS-TRANS ISOMERASE FKPA,1q6h_AB,1q6i_AB,2xFK5,1,no_significant_motion,1q6h,AB,1q6i,AB
754,757,264,N.265,MUTT/NUDIX FAMILY PROTEIN,2yvn_AA,2yvp_AA,"6xMG,2xRBY",1,no_significant_motion,2yvn,AA,2yvp,AA
755,758,265,N.266,RHO GTPASE-ACTIVATING PROTEIN 9,2p0f_A,2p0h_A,I3S,1,no_significant_motion,2p0f,A,2p0h,A
756,759,266,N.267,ECTONUCLEOSIDE TRIPHOSPHATE DIPHOSPHOHYDROLASE 2,3cj1_A,3cja_A,ANP,1,no_significant_motion,3cj1,A,3cja,A
757,760,267,N.268,"BETA-1,4-MANNANASE",2bvy_A,2bvt_B,3xBMA,1,no_significant_motion,2bvy,A,2bvt,B
758,761,268,N.269,FENGYCIN SYNTHETASE,2cb9_A,2cbg_A,PMS,1,no_significant_motion,2cb9,A,2cbg,A
759,762,269,N.270,DYNACTIN-1,2hkn_AB,2hl3_AB,PEPT(EEY),1,no_significant_motion,2hkn,AB,2hl3,AB
760,763,270,N.271,PROBABLE POLYSACCHARIDE DEACETYLASE PDAA,1w17_A,1w1a_1,NDG,1,no_significant_motion,1w17,A,1w1a,1
761,764,271,N.272,FERROCHELATASE,1lbq_AB,1l8x_AB,CO,1,no_significant_motion,1lbq,AB,1l8x,AB
762,765,272,N.273,SHIKIMATE 5-DEHYDROGENASE,1wxd_AB,2ev9_AB,"NAP,2xSKM",1,no_significant_motion,1wxd,AB,2ev9,AB
763,766,273,N.274,BH0236 PROTEIN,1w9s_B,1w9w_A,"2xBGC,GLC",1,no_significant_motion,1w9s,B,1w9w,A
764,767,274,N.275,LYSOZYME,153l_A,1lsp_A,BUL,1,no_significant_motion,153l,A,1lsp,A
765,768,275,N.276,MICRONEMAL PROTEIN 1,2jh1_A,2jh7_A,SIA,1,no_significant_motion,2jh1,A,2jh7,A
766,769,276,N.277,ACYL TRANSFERASE,2e1u_A,2e1t_B,MLC,1,no_significant_motion,2e1u,A,2e1t,B
767,770,277,N.278,UVRABC SYSTEM PROTEIN C,1yd3_A,1yd4_A,MN,1,no_significant_motion,1yd3,A,1yd4,A
768,771,278,N.279,PREPROTEIN TRANSLOCASE SECA SUBUNIT,1tf5_A,1tf2_A,ADP,1,no_significant_motion,1tf5,A,1tf2,A
769,772,279,N.280,HEXOSE-6-PHOSPHATE MUTAROTASE,2ciq_A,2cir_A,BG6,1,no_significant_motion,2ciq,A,2cir,A
770,773,280,N.281,6-PHOSPHOGLUCONATE DEHYDROGENASE,2pgd_AA,1pgn_AA,"2xNBP,2xPOP",1,no_significant_motion,2pgd,AA,1pgn,AA
771,774,281,N.282,SULFIREDOXIN-1,1xw3_A,3cyi_A,ATP,1,no_significant_motion,1xw3,A,3cyi,A
772,775,282,N.283,MORPHOGENESIS PROTEIN 1,3csr_A,3ct5_A,2xNAG,1,no_significant_motion,3csr,A,3ct5,A
773,776,283,N.284,EXTRACELLULAR ENDONUCLEASE,1smn_AB,1g8t_AB,MG,1,no_significant_motion,1smn,AB,1g8t,AB
775,778,285,N.286,RICIN,1obs_AA,1ifu_AA,2xFMC,1,no_significant_motion,1obs,AA,1ifu,AA
776,779,286,N.287,AMINOMETHYLTRANSFERASE,1wos_A,1wop_A,2xFFO,1,no_significant_motion,1wos,A,1wop,A
777,780,287,N.288,HYPOTHETICAL PROTEIN CGL3021,2nsg_A,2nsf_A,ZN,1,no_significant_motion,2nsg,A,2nsf,A
778,781,288,N.289,CARBOXYLESTERASE,1auo_AB,1aur_AB,2xPMS,1,no_significant_motion,1auo,AB,1aur,AB
779,782,289,N.290,POLYCOMB PROTEIN SCM,2r57_A,2r5m_A,PEPT(RKS),1,no_significant_motion,2r57,A,2r5m,A
780,783,290,N.291,AGGLUTININ,1jly_AB,1jlx_AB,"2xA2G,2xGAL",1,no_significant_motion,1jly,AB,1jlx,AB
781,784,291,N.292,PHOSPHATIDYLINOSITOL PHOSPHATE PHOSPHATASE,1i9y_A,1i9z_A,"2IP,CA",1,no_significant_motion,1i9y,A,1i9z,A
782,785,292,N.293,AMYLOID BETA A4 PROTEIN PRECURSOR,2fma_A,2fk1_A,CU,1,no_significant_motion,2fma,A,2fk1,A
783,786,293,N.294,"GLYCOSYL TRANSFERASE, GROUP 1",2r60_A,2r68_A,SUP,1,no_significant_motion,2r60,A,2r68,A
784,787,294,N.295,COB(I)ALAMIN ADENOSYLTRANSFERASE,1g5r_AA,1g5t_AA,"2xATP,2xMG",1,no_significant_motion,1g5r,AA,1g5t,AA
785,788,295,N.296,BETA-ARRESTIN 1,1jsy_A,1zsh_A,"IHP,MG",1,no_significant_motion,1jsy,A,1zsh,A
786,789,296,N.297,CARBOXYLESTERASE NP,2r11_AB,2r11_CD,PGE,1,no_significant_motion,2r11,AB,2r11,CD
787,790,297,N.298,ENDONUCLEASE I,2g7e_A,2g7f_A,MG,1,no_significant_motion,2g7e,A,2g7f,A
788,791,298,N.299,"ATP-DEPENDENT RNA HELICASE, PUTATIVE",1j23_AA,1j25_AA,2xMN,1,no_significant_motion,1j23,AA,1j25,AA
789,792,299,N.300,DIMERIC DIHYDRODIOL DEHYDROGENASE,2o4u_XX,2o48_XX,2xAC6,1,no_significant_motion,2o4u,XX,2o48,XX
790,793,300,N.301,PEROXIREDOXIN-5,2vl3_BC,2vl2_BC,2xBEZ,1,no_significant_motion,2vl3,BC,2vl2,BC
791,794,301,N.302,LEVANSUCRASE,3byl_A,3byn_A,"CA,RAF",1,no_significant_motion,3byl,A,3byn,A
792,795,302,N.303,PYRROLINE-5-CARBOXYLATE REDUCTASE,1yqg_AA,2ag8_AA,2xNAP,1,no_significant_motion,1yqg,AA,2ag8,AA
793,796,303,N.304,PHOSPHORIBOSYL PYROPHOSPHATE SYNTHETASE- ASSOCIATED PROTEIN 1,2c4k_D,2c4k_B,TAM,1,no_significant_motion,2c4k,D,2c4k,B
794,797,304,N.305,GTP-BINDING PROTEIN,2qtf_A,2qth_A,GDP,1,no_significant_motion,2qtf,A,2qth,A
795,798,305,N.306,PUTATIVE FRUCTOSE-AMINOACID-6-PHOSPHATE DEGLYCASE,3eua_AB,3eua_GH,FLC,1,no_significant_motion,3eua,AB,3eua,GH
796,799,306,N.307,CLATHRIN ASSEMBLY PROTEIN SHORT FORM,1hf8_A,1hg2_A,IP2,1,no_significant_motion,1hf8,A,1hg2,A
797,800,307,N.308,THIOL:DISULFIDE INTERCHANGE PROTEIN DSBA-LIKE,3c7m_B,3c7m_A,PGE,1,no_significant_motion,3c7m,B,3c7m,A
798,801,308,N.309,UNCHARACTERIZED PROTEIN,2q22_C,2q22_B,PG4,1,no_significant_motion,2q22,C,2q22,B
799,802,309,N.310,PHOSPHOLIPASE A2,1g0z_AB,1u4j_AB,MAN,1,no_significant_motion,1g0z,AB,1u4j,AB
800,803,310,N.311,E80-TELSAM DOMAIN,2qb0_A,2qb0_C,MN,1,no_significant_motion,2qb0,A,2qb0,C
801,804,0,B.1,ODORANT BINDING PROTEIN,1obp_AB,1pbo_AB,2xSES,10,other_motion,1obp,AB,1pbo,AB
802,805,1,B.2,INTEGRIN ALPHA-M,1na5_A,1ido_A,MG,10,other_motion,1na5,A,1ido,A
803,806,2,B.3,TRP OPERON REPRESSOR,3wrp_AA,2oz9_RR,2xTRP,10,other_motion,3wrp,AA,2oz9,RR
804,807,3,B.4,MITE ALLERGEN DER F II,2f08_D,1xwv_B,XPE,10,other_motion,2f08,D,1xwv,B
805,808,4,B.5,TRYPTOPHANYL-TRNA SYNTHETASE,2quk_AA,2quj_AB,"TRP,TYM",10,other_motion,2quk,AA,2quj,AB
806,809,5,B.6,REPLICASE POLYPROTEIN 1AB,2acf_B,2fav_B,APR,10,other_motion,2acf,B,2fav,B
807,810,6,B.7,NITROREDUCTASE-LIKE FAMILY PROTEIN,2i7h_EF,2i7h_AB,2xFMN,10,other_motion,2i7h,EF,2i7h,AB
808,811,7,B.8,SUPEROXIDE DISMUTASE,1ozt_MN,1spd_AB,"2xCU,2xZN",10,other_motion,1ozt,MN,1spd,AB
809,812,8,B.9,HISTIDINOL-PHOSPHATE AMINOTRANSFERASE,1uu0_CD,1uu2_AB,2xPMP,10,other_motion,1uu0,CD,1uu2,AB
810,813,9,B.10,BETA-CRYPTOGEIN,1beo_A,1lri_A,CLR,10,other_motion,1beo,A,1lri,A
811,814,10,B.11,SUBTILISIN NOVO,2sbt_A,1ubn_A,2xCA,10,other_motion,2sbt,A,1ubn,A
812,815,11,B.12,BETA-GLUCOSIDASE,1hxj_AB,1v08_AB,4xNTZ,10,other_motion,1hxj,AB,1v08,AB
813,816,12,B.13,T-CELL ECTO-ADP-RIBOSYLTRANSFERASE 2,1gy0_A,1gxz_B,BRT,10,other_motion,1gy0,A,1gxz,B
814,817,13,B.14,CARBONIC ANHYDRASE II,1fqn_A,1xev_B,ZN,10,other_motion,1fqn,A,1xev,B
815,818,14,B.15,SODIUM/CALCIUM EXCHANGER 1,2qvk_A,2qvm_A,CA,10,other_motion,2qvk,A,2qvm,A
816,819,15,B.16,GLUCOSE-6-PHOSPHATE ISOMERASE,1x8e_AB,1x82_AA,2xPA5,10,other_motion,1x8e,AB,1x82,AA
817,820,16,B.17,CHORISMATE MUTASE,2qbv_AA,2vkl_AA,2xMLT,10,other_motion,2qbv,AA,2vkl,AA
818,821,17,B.18,ACYLAMINO-ACID-RELEASING ENZYME,2qzp_B,1ve7_A,4NP,10,other_motion,2qzp,B,1ve7,A
819,822,18,B.19,LIPOATE-PROTEIN LIGASE A,2c7i_A,2art_A,"AMP,LPA,MG",10,other_motion,2c7i,A,2art,A
820,823,19,B.20,DRP35,2dg0_L,2dso_A,2xCA,10,other_motion,2dg0,L,2dso,A
821,824,20,B.21,HYPOTHETICAL PROTEIN VIOE,2zf3_CD,2zf4_AB,4xPPY,10,other_motion,2zf3,CD,2zf4,AB
822,825,21,B.22,EGF-LIKE MODULE CONTAINING MUCIN-LIKE HORMONE RECEPTOR-LIKE 2 PRECURSOR,2box_A,2bo2_B,2xCA,10,other_motion,2box,A,2bo2,B
823,826,22,B.23,RIBONUCLEOTIDE REDUCTASE R2,2av8_AB,1pfr_AB,4xFE,10,other_motion,2av8,AB,1pfr,AB
824,827,23,B.24,GLUCOSE PHOSPHATE ISOMERASE,1jiq_AB,1nuh_AA,2xPA5,10,other_motion,1jiq,AB,1nuh,AA
825,828,24,B.25,PSORIASIN,1psr_AB,3psr_AB,"2xCA,ZN",10,other_motion,1psr,AB,3psr,AB
826,829,25,B.26,GLUTAMATE [NMDA] RECEPTOR SUBUNIT 3B,2rca_B,2rcb_A,DSN,10,other_motion,2rca,B,2rcb,A
827,830,26,B.27,METHYLTHIORIBOSE-1-PHOSPHATE ISOMERASE,2yrf_AB,2yvk_AB,2xMRU,10,other_motion,2yrf,AB,2yvk,AB
828,831,27,B.28,"2-HYDROXY-6-OXO-7-METHYLOCTA-2,4-DIENOATE HYDROLASE",1iun_AB,1uk9_AA,2xIVA,10,other_motion,1iun,AB,1uk9,AA
829,832,28,B.29,PRECORRIN-8X METHYLMUTASE,1f2v_AA,1i1h_AA,2xCOJ,10,other_motion,1f2v,AA,1i1h,AA
830,833,29,B.30,OHCU DECARBOXYLASE,2o70_CD,2o74_AB,2xGUN,10,other_motion,2o70,CD,2o74,AB
831,834,30,B.31,CATION EFFLUX SYSTEM PROTEIN CUSF,2vb3_X,2vb2_X,CU,10,other_motion,2vb3,X,2vb2,X
832,835,31,B.32,AMINE OXIDASE,1avk_AA,1ui7_AB,4xCU,10,other_motion,1avk,AA,1ui7,AB
833,836,32,B.33,SIALIDASE B,2vw0_A,2vw1_A,DAN,10,other_motion,2vw0,A,2vw1,A
834,837,33,B.34,SERINE HYDROLASE,1evq_A,1qz3_A,HDS,10,other_motion,1evq,A,1qz3,A
835,838,34,B.35,URIDINE 5'-MONOPHOSPHATE SYNTHASE,2eaw_AB,3bgg_AA,2xBMP,10,other_motion,2eaw,AB,3bgg,AA
836,839,35,B.36,NON-SPECIFIC LIPID TRANSFER PROTEIN,1mzl_A,1fk1_A,DAO,10,other_motion,1mzl,A,1fk1,A
837,840,36,B.37,MALONAMIDASE E2,1o9n_AB,1ocl_AB,2xMLA,10,other_motion,1o9n,AB,1ocl,AB
838,841,37,B.38,CHALCONE--FLAVONONE ISOMERASE 1,1jx1_A,1jx1_C,DFV,10,other_motion,1jx1,A,1jx1,C
839,842,38,B.39,SEP-TRNA:CYS-TRNA SYNTHASE,2e7i_BB,2e7j_AB,2xPLP,10,other_motion,2e7i,BB,2e7j,AB
840,843,39,B.40,PYRIDOXAL PHOSPHATE PHOSPHATASE,2oyc_AA,2p69_AA,"2xCA,2xPLP",10,other_motion,2oyc,AA,2p69,AA
841,844,40,B.41,"2,3-DIHYDROXYBENZOATE-AMP LIGASE",1mdf_A,1md9_A,"AMP,DBH",10,other_motion,1mdf,A,1md9,A
842,845,41,B.42,ARYLAMINE N-ACETYLTRANSFERASE,1w5r_AB,1w6f_AB,2xISZ,10,other_motion,1w5r,AB,1w6f,AB
843,846,42,B.43,SERYL-TRNA SYNTHETASE,2zr3_AB,2dq0_AB,2xSSA,10,other_motion,2zr3,AB,2dq0,AB
844,847,43,B.44,PHOSPHATIDYLETHANOLAMINE-BINDING PROTEIN 1,2iqy_A,2iqx_C,OPE,10,other_motion,2iqy,A,2iqx,C
845,848,44,B.45,SUPEROXIDE DISMUTASE [FE],2bkb_CD,1za5_AB,2xFE,10,other_motion,2bkb,CD,1za5,AB
846,849,45,B.46,YM1 SECRETORY PROTEIN,1vf8_A,1e9l_A,GCS,10,other_motion,1vf8,A,1e9l,A
847,850,46,B.47,RUBREDOXIN,1fhm_A,1t9p_A,FE,10,other_motion,1fhm,A,1t9p,A
848,851,47,B.48,RIBOSE-5-PHOSPHATE ISOMERASE B,1usl_AB,2vvo_CD,2xA6P,10,other_motion,1usl,AB,2vvo,CD
849,852,48,B.49,"CARNITINE O-PALMITOYLTRANSFERASE II, MITOCHONDRIAL",2fyo_A,2fw3_A,BUI,10,other_motion,2fyo,A,2fw3,A
850,853,49,B.50,STRICTOSIDINE SYNTHASE,2fp8_B,2fp9_A,TAR,10,other_motion,2fp8,B,2fp9,A
851,854,50,B.51,RIBOFLAVIN BIOSYNTHESIS PROTEIN RIBD,2g6v_AB,2obc_AB,RP5,10,other_motion,2g6v,AB,2obc,AB
852,855,51,B.52,P-AMINOBENZOATE N-OXYGENASE,3chi_AB,3cht_AB,4NB,10,other_motion,3chi,AB,3cht,AB
853,856,52,B.53,3-OXOACYL-[ACYL-CARRIER-PROTEIN] SYNTHASE I,2byw_CD,2bui_AB,2xOCA,10,other_motion,2byw,CD,2bui,AB
854,857,53,B.54,CALCIUM-GATED POTASSIUM CHANNEL MTHK,2aej_AB,2aef_AB,2xCA,10,other_motion,2aej,AB,2aef,AB
855,858,54,B.55,P2 PROTEIN,1wac_A,1hhs_B,MN,10,other_motion,1wac,A,1hhs,B
856,859,55,B.56,TROPONIN C,1ncz_A,5tnc_A,2xCA,10,other_motion,1ncz,A,5tnc,A
857,860,56,B.57,CARBOXYPEPTIDASE A,1arl_A,1cpx_A,ZN,10,other_motion,1arl,A,1cpx,A
858,861,57,B.58,SH3 AND MULTIPLE ANKYRIN REPEAT DOMAINS 3,2f3n_A,2f44_B,ZN,10,other_motion,2f3n,A,2f44,B
859,862,58,B.59,INDOLE-3-GLYCEROL PHOSPHATE SYNTHASE,1juk_A,1lbl_A,137,10,other_motion,1juk,A,1lbl,A
860,863,59,B.60,10-FORMYLTETRAHYDROFOLATE DEHYDROGENASE,2bw0_A,2cfi_A,ZZZ,10,other_motion,2bw0,A,2cfi,A
861,864,60,B.61,PROBABLE 2-PHOSPHOSULFOLACTATE PHOSPHATASE,2yyv_AB,2yzo_AB,2xDMR,10,other_motion,2yyv,AB,2yzo,AB
862,865,61,B.62,"L,D-TRANSPEPTIDASE",2hkl_B,1zat_A,ZN,10,other_motion,2hkl,B,1zat,A
863,866,62,B.63,TRYPTOPHAN HALOGENASE,2oam_AB,2oa1_AB,"ADN,FAD,2xTRP",10,other_motion,2oam,AB,2oa1,AB
864,867,63,B.64,3-METHYLASPARTATE AMMONIA-LYASE,1kko_AB,1kkr_AB,"2x3MD,2xMG",10,other_motion,1kko,AB,1kkr,AB
865,868,64,B.65,34 KDA MEMBRANE ANTIGEN,2o6f_AB,2o6e_AB,3xZN,10,other_motion,2o6f,AB,2o6e,AB
866,869,65,B.66,CATECHOL OXIDASE,1bt2_B,1bug_A,"2xCU,URS",10,other_motion,1bt2,B,1bug,A
867,870,66,B.67,RUBRERYTHRIN,1lkp_AA,1dvb_AA,"4xFE,2xZN",10,other_motion,1lkp,AA,1dvb,AA
868,871,67,B.68,ASTACIN,1iad_A,1iaa_A,CU,10,other_motion,1iad,A,1iaa,A
869,872,68,B.69,GLYCEROPHOSPHORYL DIESTER PHOSPHODIESTERASE,2p76_D,2oog_F,ZN,10,other_motion,2p76,D,2oog,F
870,873,69,B.70,JMJC DOMAIN-CONTAINING HISTONE DEMETHYLATION PROTEIN 1A,2yu2_A,2yu1_A,AKG,10,other_motion,2yu2,A,2yu1,A
871,874,70,B.71,COCAINE ESTERASE,1l7r_A,1ju4_A,BEZ,10,other_motion,1l7r,A,1ju4,A
872,875,71,B.72,EXO-BETA-D-GLUCOSAMINIDASE,2vzo_B,2vzs_A,GCS,10,other_motion,2vzo,B,2vzs,A
873,876,72,B.73,DESULFOREDOXIN,1dcd_AB,1dxg_AB,2xFE,10,other_motion,1dcd,AB,1dxg,AB
874,877,73,B.74,EPOXIDE HYDROLASE EPHB,2e3j_A,2zjf_A,BSU,10,other_motion,2e3j,A,2zjf,A
875,878,74,B.75,D7R4 PROTEIN,2qev_A,2qeo_B,LNR,10,other_motion,2qev,A,2qeo,B
876,879,75,B.76,SHORT-CHAIN Z-ISOPRENYL DIPHOSPHATE SYNTHETASE,2vfw_AB,2vg0_AB,2xGPP,10,other_motion,2vfw,AB,2vg0,AB
877,880,76,B.77,BETA-HYDROXYDECANOYL THIOL ESTER DEHYDRASE,1mkb_AB,1mka_AB,2xDAC,10,other_motion,1mkb,AB,1mka,AB
878,881,77,B.78,GLYOXALASE I,1fa8_AB,1f9z_AB,2xNI,10,other_motion,1fa8,AB,1f9z,AB
879,882,78,B.79,HYDROXYNITRILE LYASE,3c6y_AA,1yas_AA,2xHIS,10,other_motion,3c6y,AA,1yas,AA
880,883,79,B.80,ERMC' RRNA METHYLTRANSFERASE,1qam_A,1qaq_A,SFG,10,other_motion,1qam,A,1qaq,A
881,884,80,B.81,LIPASE A,2veo_B,2veo_A,PG4,10,other_motion,2veo,B,2veo,A
882,885,81,B.82,BICARBONATE TRANSPORTER,2i49_A,2i4c_A,CA,10,other_motion,2i49,A,2i4c,A
883,886,82,B.83,PKS18,1tee_CD,1ted_CD,2xMYR,10,other_motion,1tee,CD,1ted,CD
884,887,83,B.84,ISOPENTENYL-DIPHOSPHATE DELTA-ISOMERASE,1hzt_A,1r67_A,MG,10,other_motion,1hzt,A,1r67,A
886,889,85,B.86,ALDOSE 1-EPIMERASE,1snz_B,1so0_A,GAL,10,other_motion,1snz,B,1so0,A
887,890,86,B.87,HYPOTHETICAL PROTEIN SLR1257,1iiw_AA,1ii5_AA,2xGLU,10,other_motion,1iiw,AA,1ii5,AA
888,891,87,B.88,METHIONINE AMINOPEPTIDASE 1,2b3l_A,2b3h_A,2xCO,10,other_motion,2b3l,A,2b3h,A
889,892,88,B.89,PHENYLALANINE-4-HYDROXYLASE,2v28_AB,2v27_AB,2xFE,10,other_motion,2v28,AB,2v27,AB
890,893,89,B.90,ESTERASE,1esc_AA,1ese_AA,2xDEP,10,other_motion,1esc,AA,1ese,AA
891,894,90,B.91,ADP-RIBOSYLGLYCOHYDROLASE,2cwc_A,2yzv_A,2xMG,10,other_motion,2cwc,A,2yzv,A
892,895,91,B.92,NUCLEOSIDE 2-DEOXYRIBOSYLTRANSFERASE,2a0k_AB,2f62_AB,2x12M,10,other_motion,2a0k,AB,2f62,AB
893,896,92,B.93,XAA-PRO DIPEPTIDASE,2iw2_AB,2okn_AB,4xMN,10,other_motion,2iw2,AB,2okn,AB
894,897,93,B.94,180AA LONG HYPOTHETICAL PYRAZINAMIDASE/NICOTINAMIDASE,1ilw_A,1im5_A,ZN,10,other_motion,1ilw,A,1im5,A
895,898,94,B.95,RIBOSOME BIOGENESIS PROTEIN NEP1-LIKE,3bbe_AB,3bbh_AB,2xSFG,10,other_motion,3bbe,AB,3bbh,AB
896,899,95,B.96,NICOTINATE-NUCLEOTIDE--DIMETHYLBENZIMIDAZOLE PHOSPHORIBOSYLTRANSFERASE,1l5n_AA,1l5l_AA,"2x7RP,2xNIO",10,other_motion,1l5n,AA,1l5l,AA
897,900,96,B.97,ESTERASE YBFF,3bf7_A,3bf8_B,MLA,10,other_motion,3bf7,A,3bf8,B
898,901,97,B.98,"GLUCOSE-6-PHOSPHATE ISOMERASE, CONJECTURAL",1tzb_AB,1tzc_AB,2xPA5,10,other_motion,1tzb,AB,1tzc,AB
899,902,98,B.99,DIHYDROXYACETONE KINASE,1oi2_AB,1uod_AB,2xG3H,10,other_motion,1oi2,AB,1uod,AB
900,903,99,B.100,325AA LONG HYPOTHETICAL PROTEIN,2dec_AB,2df8_AB,2xF1P,10,other_motion,2dec,AB,2df8,AB
901,904,100,B.101,LIPOCALIN,3bu9_A,3bu1_A,HSM,10,other_motion,3bu9,A,3bu1,A
902,905,101,B.102,AECTYLCITRULLINE DEACETYLASE,2f8h_AA,2f7v_AA,2xCO,10,other_motion,2f8h,AA,2f7v,AA
903,906,102,B.103,LIPOYLTRANSFERASE,2qht_A,2qhv_A,OC9,10,other_motion,2qht,A,2qhv,A
904,907,103,B.104,RIBOSE 5-PHOSPHATE ISOMERASE,1uj4_AA,1uj5_AA,2x5RP,10,other_motion,1uj4,AA,1uj5,AA
